<?xml version="1.0" encoding="UTF-8" standalone="yes"?>
<Root xmlns:xsi="http://www.w3.org/2001/XMLSchema-instance">
	<Row>
		<TotalCost>40</TotalCost>
		<Name>Archer</Name>
		<AoE>0</AoE>
		<Range>85</Range>
		<of_Targets>1</of_Targets>
		<Dmg>13</Dmg>
		<Atk_Speed>18</Atk_Speed>
		<Cost>40</Cost>
		<Type>pierce</Type>
		<bulletFrame>ArrowShot</bulletFrame>
		<bulletHit>BlankHit</bulletHit>
		<bulletSpeed>20</bulletSpeed>
		<towerFrame>2</towerFrame>
		<fireSoundString>arrowshot</fireSoundString>
		<hitSoundString>default</hitSoundString>
		<upgradeOne>Rogue</upgradeOne>
		<upgradeTwo>Woodsman</upgradeTwo>
		<upgradeThree>RoyalBowman</upgradeThree>
		<tDescription>Everyone's favorite starting class.  If this tower could crouch and be stealth, it might crit, but it can't, so it doesn't.</tDescription>
	</Row>
	<Row>
		<TotalCost>140</TotalCost>
		<Name>Rogue</Name>
		<AoE>0</AoE>
		<Range>85</Range>
		<of_Targets>2</of_Targets>
		<Dmg>26</Dmg>
		<Atk_Speed>17</Atk_Speed>
		<Cost>100</Cost>
		<Type>pierce</Type>
		<bulletFrame>ArrowShot</bulletFrame>
		<bulletHit>BlankHit</bulletHit>
		<bulletSpeed>30</bulletSpeed>
		<towerFrame>43</towerFrame>
		<fireSoundString>arrowshot</fireSoundString>
		<hitSoundString>default</hitSoundString>
		<upgradeOne>Shadow</upgradeOne>
		<upgradeTwo>Assassin</upgradeTwo>
		<tDescription>How does an archer even shoot two arrows at two targets at once?  Not sure, but this guy got it figured out.</tDescription>
	</Row>
	<Row>
		<TotalCost>320</TotalCost>
		<Name>Shadow</Name>
		<AoE>0</AoE>
		<Range>106</Range>
		<of_Targets>1</of_Targets>
		<Dmg>180</Dmg>
		<Atk_Speed>16</Atk_Speed>
		<Cost>180</Cost>
		<Type>normal</Type>
		<bulletFrame>ArrowShot</bulletFrame>
		<bulletHit>BlankHit</bulletHit>
		<bulletSpeed>30</bulletSpeed>
		<towerFrame>47</towerFrame>
		<fireSoundString>arrowshot</fireSoundString>
		<hitSoundString>default</hitSoundString>
		<tDescription>Trades spam for WHAM.  No multishot, but crits for 3x often.</tDescription>
		<skillOne>hit,crit,.2,2</skillOne>
	</Row>
	<Row>
		<TotalCost>320</TotalCost>
		<Name>Assassin</Name>
		<AoE>0</AoE>
		<Range>106</Range>
		<of_Targets>3</of_Targets>
		<Dmg>70</Dmg>
		<Atk_Speed>16</Atk_Speed>
		<Cost>180</Cost>
		<Type>normal</Type>
		<bulletFrame>ArrowShot</bulletFrame>
		<bulletHit>BlankHit</bulletHit>
		<bulletSpeed>30</bulletSpeed>
		<towerFrame>4</towerFrame>
		<fireSoundString>arrowshot</fireSoundString>
		<hitSoundString>default</hitSoundString>
		<tDescription>Triple shot, why not?</tDescription>
	</Row>
	<Row>
		<TotalCost>175</TotalCost>
		<Name>Royal Bowman</Name>
		<AoE>0</AoE>
		<Range>106</Range>
		<of_Targets>1</of_Targets>
		<Dmg>60</Dmg>
		<Atk_Speed>16</Atk_Speed>
		<Cost>135</Cost>
		<Type>pierce</Type>
		<bulletFrame>ArrowShot</bulletFrame>
		<bulletHit>BlankHit</bulletHit>
		<bulletSpeed>20</bulletSpeed>
		<towerFrame>44</towerFrame>
		<fireSoundString>arrowshot</fireSoundString>
		<hitSoundString>default</hitSoundString>
		<upgradeOne>Elven</upgradeOne>
		<upgradeTwo>Hero</upgradeTwo>
		<tDescription>A larger range, stronger archer.</tDescription>
	</Row>
	<Row>
		<TotalCost>355</TotalCost>
		<Name>Elven</Name>
		<AoE>0</AoE>
		<Range>106</Range>
		<of_Targets>1</of_Targets>
		<Dmg>110</Dmg>
		<Atk_Speed>18</Atk_Speed>
		<Cost>180</Cost>
		<Type>normal</Type>
		<bulletFrame>ArrowShot</bulletFrame>
		<bulletHit>BlankHit</bulletHit>
		<bulletSpeed>30</bulletSpeed>
		<towerFrame>13</towerFrame>
		<fireSoundString>arrowshot</fireSoundString>
		<hitSoundString>default</hitSoundString>
		<tDescription>Calls upon Elven spirits to increase nearby towers attack speed.</tDescription>
		<skillOne>timer,atkSpdBuff,.15,2</skillOne>
	</Row>
	<Row>
		<TotalCost>365</TotalCost>
		<Name>Hero</Name>
		<AoE>0</AoE>
		<Range>122</Range>
		<of_Targets>1</of_Targets>
		<Dmg>120</Dmg>
		<Atk_Speed>16</Atk_Speed>
		<Cost>190</Cost>
		<Type>heavy</Type>
		<bulletFrame>ArrowShot</bulletFrame>
		<bulletHit>BlankHit</bulletHit>
		<bulletSpeed>30</bulletSpeed>
		<towerFrame>22</towerFrame>
		<fireSoundString>arrowshot</fireSoundString>
		<hitSoundString>default</hitSoundString>
		<tDescription>The protagonist.  Applies -4 armor for 3 seconds on hit.</tDescription>
		<skillOne>hit,brittle,4,3</skillOne>
	</Row>
	<Row>
		<TotalCost>120</TotalCost>
		<Name>Woodsman</Name>
		<AoE>0</AoE>
		<Range>85</Range>
		<of_Targets>2</of_Targets>
		<Dmg>44</Dmg>
		<Atk_Speed>20</Atk_Speed>
		<Cost>80</Cost>
		<Type>pierce</Type>
		<bulletFrame>ArrowShot</bulletFrame>
		<bulletHit>BlankHit</bulletHit>
		<bulletSpeed>30</bulletSpeed>
		<towerFrame>57</towerFrame>
		<fireSoundString>arrowshot</fireSoundString>
		<hitSoundString>default</hitSoundString>
		<upgradeOne>Hunter</upgradeOne>
		<upgradeTwo>Alchemist</upgradeTwo>
		<tDescription>A master at mixtures.  Poisons enemies which deals damage and slightly slows.</tDescription>
		<skillOne>hit,poison,.08,5,2</skillOne>
	</Row>
	<Row>
		<TotalCost>360</TotalCost>
		<Name>Hunter</Name>
		<AoE>0</AoE>
		<Range>106</Range>
		<of_Targets>1</of_Targets>
		<Dmg>165</Dmg>
		<Atk_Speed>16</Atk_Speed>
		<Cost>240</Cost>
		<Type>pierce</Type>
		<bulletFrame>ArrowShot</bulletFrame>
		<bulletHit>BlankHit</bulletHit>
		<bulletSpeed>30</bulletSpeed>
		<towerFrame>24</towerFrame>
		<fireSoundString>arrowshot</fireSoundString>
		<hitSoundString>default</hitSoundString>
		<tDescription>Skilled with poisons.  Hits one guys, but really ruins that guys day.</tDescription>
		<skillOne>hit,poison,.28,20,3</skillOne>
	</Row>
	<Row>
		<TotalCost>320</TotalCost>
		<Name>Alchemist</Name>
		<AoE>40</AoE>
		<Range>106</Range>
		<of_Targets>1</of_Targets>
		<Dmg>71</Dmg>
		<Atk_Speed>28</Atk_Speed>
		<Cost>200</Cost>
		<Type>normal</Type>
		<bulletFrame>ArrowShot</bulletFrame>
		<bulletHit>BlankHit</bulletHit>
		<bulletSpeed>30</bulletSpeed>
		<towerFrame>1</towerFrame>
		<fireSoundString>arrowshot</fireSoundString>
		<hitSoundString>default</hitSoundString>
		<tDescription>Makes a big, poisonous splash when he attacks.</tDescription>
		<skillOne>hit,poison,.13,10,2</skillOne>
	</Row>
	<Row>
		<TotalCost>30</TotalCost>
		<Name>Warrior</Name>
		<AoE>0</AoE>
		<Range>50</Range>
		<of_Targets>1</of_Targets>
		<Dmg>17</Dmg>
		<Atk_Speed>20</Atk_Speed>
		<Cost>30</Cost>
		<Type>normal</Type>
		<bulletFrame>BlankShot</bulletFrame>
		<bulletHit>RedSlash</bulletHit>
		<bulletSpeed>50</bulletSpeed>
		<towerFrame>55</towerFrame>
		<fireSoundString>swordhit</fireSoundString>
		<hitSoundString>default</hitSoundString>
		<upgradeOne>Swordsman</upgradeOne>
		<upgradeTwo>Knight</upgradeTwo>
		<upgradeThree>Commander</upgradeThree>
		<tDescription>Your basic warrior.  Can be seen in nearly all fantasy tales.  Has a soft side under all that armor.</tDescription>
	</Row>
	<Row>
		<TotalCost>130</TotalCost>
		<Name>Swordsman</Name>
		<AoE>0</AoE>
		<Range>50</Range>
		<of_Targets>1</of_Targets>
		<Dmg>60</Dmg>
		<Atk_Speed>16</Atk_Speed>
		<Cost>100</Cost>
		<Type>normal</Type>
		<bulletFrame>BlankShot</bulletFrame>
		<bulletHit>RedSlash</bulletHit>
		<bulletSpeed>50</bulletSpeed>
		<towerFrame>51</towerFrame>
		<fireSoundString>swordhit</fireSoundString>
		<hitSoundString>default</hitSoundString>
		<upgradeOne>Samurai</upgradeOne>
		<upgradeTwo>MasterSwordsman</upgradeTwo>
		<tDescription>A warrior on drugs.  Hits hard, and fast, and has a chance to stun..</tDescription>
		<skillOne>hit,stun,.1,.5</skillOne>
	</Row>
	<Row>
		<TotalCost>300</TotalCost>
		<Name>Samurai</Name>
		<AoE>0</AoE>
		<Range>50</Range>
		<of_Targets>1</of_Targets>
		<Dmg>155</Dmg>
		<Atk_Speed>12</Atk_Speed>
		<Cost>170</Cost>
		<Type>heavy</Type>
		<bulletFrame>BlankShot</bulletFrame>
		<bulletHit>RedSlash</bulletHit>
		<bulletSpeed>50</bulletSpeed>
		<towerFrame>45</towerFrame>
		<fireSoundString>swordhit</fireSoundString>
		<hitSoundString>default</hitSoundString>
		<tDescription>Hits hard and fast.  Crits and stuns.  Attacs and protecs.</tDescription>
		<skillOne>hit,crit,.1,1</skillOne>
		<skillTwo>hit,stun,.1,.5</skillTwo>
	</Row>
	<Row>
		<TotalCost>350</TotalCost>
		<Name>Master Swordsman</Name>
		<AoE>0</AoE>
		<Range>50</Range>
		<of_Targets>1</of_Targets>
		<Dmg>210</Dmg>
		<Atk_Speed>16</Atk_Speed>
		<Cost>220</Cost>
		<Type>normal</Type>
		<bulletFrame>BlankShot</bulletFrame>
		<bulletHit>RedSlash</bulletHit>
		<bulletSpeed>50</bulletSpeed>
		<towerFrame>37</towerFrame>
		<fireSoundString>swordhit</fireSoundString>
		<hitSoundString>default</hitSoundString>
		<tDescription>This master of swordsmanship has the ability to bash an enemy and stun them for longer.</tDescription>
		<skillOne>hit,stun,.15,1</skillOne>
	</Row>
	<Row>
		<TotalCost>145</TotalCost>
		<Name>Knight</Name>
		<AoE>0</AoE>
		<Range>50</Range>
		<of_Targets>1</of_Targets>
		<Dmg>70</Dmg>
		<Atk_Speed>18</Atk_Speed>
		<Cost>115</Cost>
		<Type>normal</Type>
		<bulletFrame>BlankShot</bulletFrame>
		<bulletHit>RedSlash</bulletHit>
		<bulletSpeed>50</bulletSpeed>
		<towerFrame>30</towerFrame>
		<fireSoundString>swordhit</fireSoundString>
		<hitSoundString>default</hitSoundString>
		<upgradeOne>DeathKnight</upgradeOne>
		<upgradeTwo>Paladin</upgradeTwo>
		<tDescription>It's a Knight in shining armor.  Gives a debuff that increases enemy's damage taken.  Tips fedora a lot for some reason.</tDescription>
		<skillOne>hit,penitence,.12,2</skillOne>
	</Row>
	<Row>
		<TotalCost>335</TotalCost>
		<Name>Death Knight</Name>
		<AoE>0</AoE>
		<Range>50</Range>
		<of_Targets>1</of_Targets>
		<Dmg>150</Dmg>
		<Atk_Speed>16</Atk_Speed>
		<Cost>190</Cost>
		<Type>heavy</Type>
		<bulletFrame>BlankShot</bulletFrame>
		<bulletHit>RedSlash</bulletHit>
		<bulletSpeed>50</bulletSpeed>
		<towerFrame>9</towerFrame>
		<fireSoundString>swordhit</fireSoundString>
		<hitSoundString>default</hitSoundString>
		<tDescription>He's kind of sad, but he does increase that debuff some more.  xXxEdgeLordxXx</tDescription>
		<skillOne>hit,penitence,.18,2</skillOne>
	</Row>
	<Row>
		<TotalCost>325</TotalCost>
		<Name>Paladin</Name>
		<AoE>0</AoE>
		<Range>50</Range>
		<of_Targets>1</of_Targets>
		<Dmg>140</Dmg>
		<Atk_Speed>16</Atk_Speed>
		<Cost>180</Cost>
		<Type>heavy</Type>
		<bulletFrame>BlankShot</bulletFrame>
		<bulletHit>RedSlash</bulletHit>
		<bulletSpeed>50</bulletSpeed>
		<towerFrame>42</towerFrame>
		<fireSoundString>swordhit</fireSoundString>
		<hitSoundString>default</hitSoundString>
		<tDescription>Each strike will provide increased attack speed to adjacent towers (stacks 5x).</tDescription>
		<skillOne>hit,henchant,.08,1,3</skillOne>
	</Row>
	<Row>
		<TotalCost>180</TotalCost>
		<Name>Commander</Name>
		<AoE>0</AoE>
		<Range>50</Range>
		<of_Targets>1</of_Targets>
		<Dmg>75</Dmg>
		<Atk_Speed>18</Atk_Speed>
		<Cost>150</Cost>
		<Type>normal</Type>
		<bulletFrame>BlankShot</bulletFrame>
		<bulletHit>RedSlash</bulletHit>
		<bulletSpeed>50</bulletSpeed>
		<towerFrame>8</towerFrame>
		<fireSoundString>swordhit</fireSoundString>
		<hitSoundString>default</hitSoundString>
		<upgradeOne>Warleader</upgradeOne>
		<upgradeTwo>General</upgradeTwo>
		<tDescription>Likes to shout a lot of motivational things.  Nearby towers strangely reply to it. DmgUp to nearby towers.  Has a range of 2.</tDescription>
		<skillOne>timer,dmgBuff,.12,2</skillOne>
	</Row>
	<Row>
		<TotalCost>480</TotalCost>
		<Name>General</Name>
		<AoE>0</AoE>
		<Range>50</Range>
		<of_Targets>1</of_Targets>
		<Dmg>190</Dmg>
		<Atk_Speed>18</Atk_Speed>
		<Cost>300</Cost>
		<Type>normal</Type>
		<bulletFrame>BlankShot</bulletFrame>
		<bulletHit>RedSlash</bulletHit>
		<bulletSpeed>50</bulletSpeed>
		<towerFrame>18</towerFrame>
		<fireSoundString>swordhit</fireSoundString>
		<hitSoundString>default</hitSoundString>
		<tDescription>Same aura, but now it extends +1 range.</tDescription>
		<skillOne>timer,dmgBuff,.12,3</skillOne>
	</Row>
	<Row>
		<TotalCost>460</TotalCost>
		<Name>Warleader</Name>
		<AoE>0</AoE>
		<Range>50</Range>
		<of_Targets>1</of_Targets>
		<Dmg>180</Dmg>
		<Atk_Speed>16</Atk_Speed>
		<Cost>280</Cost>
		<Type>heavy</Type>
		<bulletFrame>BlankShot</bulletFrame>
		<bulletHit>RedSlash</bulletHit>
		<bulletSpeed>50</bulletSpeed>
		<towerFrame>54</towerFrame>
		<fireSoundString>swordhit</fireSoundString>
		<hitSoundString>default</hitSoundString>
		<tDescription>Let loose the hounds of war with a bigger damage boost on nearby towers.</tDescription>
		<skillOne>timer,dmgBuff,.24,2</skillOne>
	</Row>
	<Row>
		<TotalCost>50</TotalCost>
		<Name>Fire Tower</Name>
		<AoE>0</AoE>
		<Range>85</Range>
		<of_Targets>1</of_Targets>
		<Dmg>4</Dmg>
		<Atk_Speed>4</Atk_Speed>
		<Cost>50</Cost>
		<Type>fire</Type>
		<bulletFrame>FireBall</bulletFrame>
		<bulletHit>BlankHit</bulletHit>
		<bulletSpeed>12</bulletSpeed>
		<towerFrame>16</towerFrame>
		<fireSoundString>flame</fireSoundString>
		<hitSoundString>default</hitSoundString>
		<upgradeOne>ScorchedEarth</upgradeOne>
		<upgradeTwo>FireSpout</upgradeTwo>
		<upgradeThree>MagmaThrower</upgradeThree>
		<tDescription>Takes fire and throws it, like some sort of throwing flame machine.</tDescription>
	</Row>
	<Row>
		<TotalCost>170</TotalCost>
		<Name>Scorched Earth</Name>
		<AoE>0</AoE>
		<Range>0</Range>
		<of_Targets>0</of_Targets>
		<Dmg>0</Dmg>
		<Atk_Speed>24</Atk_Speed>
		<Cost>120</Cost>
		<Type>fire</Type>
		<bulletFrame>FireBall</bulletFrame>
		<bulletHit>BlankHit</bulletHit>
		<bulletSpeed>50</bulletSpeed>
		<towerFrame>46</towerFrame>
		<fireSoundString>default</fireSoundString>
		<hitSoundString>default</hitSoundString>
		<upgradeOne>Mars</upgradeOne>
		<upgradeTwo>SolarFlare</upgradeTwo>
		<tDescription>These line of tower upgrades eliminate tower attack, instead opting to set the road directly on fire, dealing damage over those walking on it.</tDescription>
		<skillOne>timer,fireRoad,30,1</skillOne>
		<targeting>All</targeting>
	</Row>
	<Row>
		<TotalCost>380</TotalCost>
		<Name>Mars</Name>
		<AoE>0</AoE>
		<Range>0</Range>
		<of_Targets>0</of_Targets>
		<Dmg>0</Dmg>
		<Atk_Speed>24</Atk_Speed>
		<Cost>210</Cost>
		<Type>fire</Type>
		<bulletFrame>FireBall</bulletFrame>
		<bulletHit>BlankHit</bulletHit>
		<bulletSpeed>50</bulletSpeed>
		<towerFrame>36</towerFrame>
		<fireSoundString>default</fireSoundString>
		<hitSoundString>default</hitSoundString>
		<tDescription>Makes your enemies nice and crispy by increasing the heat.</tDescription>
		<skillOne>timer,fireRoad,75,1</skillOne>
		<targeting>All</targeting>
	</Row>
	<Row>
		<TotalCost>410</TotalCost>
		<Name>Solar Flare</Name>
		<AoE>0</AoE>
		<Range>0</Range>
		<of_Targets>0</of_Targets>
		<Dmg>0</Dmg>
		<Atk_Speed>24</Atk_Speed>
		<Cost>240</Cost>
		<Type>fire</Type>
		<bulletFrame>FireBall</bulletFrame>
		<bulletHit>BlankHit</bulletHit>
		<bulletSpeed>50</bulletSpeed>
		<towerFrame>49</towerFrame>
		<fireSoundString>default</fireSoundString>
		<hitSoundString>default</hitSoundString>
		<tDescription>Burn range increased by 1 &amp; does more damage.</tDescription>
		<skillOne>timer,fireRoad,60,2</skillOne>
		<targeting>All</targeting>
	</Row>
	<Row>
		<TotalCost>150</TotalCost>
		<Name>Fire Spout</Name>
		<AoE>0</AoE>
		<Range>85</Range>
		<of_Targets>1</of_Targets>
		<Dmg>14</Dmg>
		<Atk_Speed>4</Atk_Speed>
		<Cost>100</Cost>
		<Type>fire</Type>
		<bulletFrame>FireBall</bulletFrame>
		<bulletHit>BlankHit</bulletHit>
		<bulletSpeed>12</bulletSpeed>
		<towerFrame>15</towerFrame>
		<fireSoundString>flame</fireSoundString>
		<hitSoundString>default</hitSoundString>
		<upgradeOne>TripleSpout</upgradeOne>
		<upgradeTwo>Incinerator</upgradeTwo>
		<tDescription>Burn, burn, burn, my darling.</tDescription>
	</Row>
	<Row>
		<TotalCost>390</TotalCost>
		<Name>Triple Spout</Name>
		<AoE>0</AoE>
		<Range>85</Range>
		<of_Targets>3</of_Targets>
		<Dmg>35</Dmg>
		<Atk_Speed>6</Atk_Speed>
		<Cost>240</Cost>
		<Type>fire</Type>
		<bulletFrame>FireBall</bulletFrame>
		<bulletHit>BlankHit</bulletHit>
		<bulletSpeed>12</bulletSpeed>
		<towerFrame>53</towerFrame>
		<fireSoundString>flame</fireSoundString>
		<hitSoundString>default</hitSoundString>
		<tDescription>Hits 3 people now.  How cool now?  3?!</tDescription>
	</Row>
	<Row>
		<TotalCost>430</TotalCost>
		<Name>Incinerator</Name>
		<AoE>12</AoE>
		<Range>85</Range>
		<of_Targets>1</of_Targets>
		<Dmg>39</Dmg>
		<Atk_Speed>4</Atk_Speed>
		<Cost>280</Cost>
		<Type>fire</Type>
		<bulletFrame>FireBall</bulletFrame>
		<bulletHit>BlankHit</bulletHit>
		<bulletSpeed>12</bulletSpeed>
		<towerFrame>28</towerFrame>
		<fireSoundString>flame</fireSoundString>
		<hitSoundString>default</hitSoundString>
		<tDescription>A strong tower on its own, it has a very small AoE which takes this from okay to OP.  Why am I telling you this!?</tDescription>
	</Row>
	<Row>
		<TotalCost>190</TotalCost>
		<Name>Magma Thrower</Name>
		<AoE>45</AoE>
		<Range>106</Range>
		<of_Targets>1</of_Targets>
		<Dmg>53</Dmg>
		<Atk_Speed>32</Atk_Speed>
		<Cost>140</Cost>
		<Type>fire</Type>
		<bulletFrame>FireBall</bulletFrame>
		<bulletHit>BlankHit</bulletHit>
		<bulletSpeed>12</bulletSpeed>
		<towerFrame>35</towerFrame>
		<fireSoundString>default</fireSoundString>
		<hitSoundString>lavasplash</hitSoundString>
		<upgradeOne>HotSpot</upgradeOne>
		<upgradeTwo>Inferno</upgradeTwo>
		<tDescription>Throws large fireballs that explode in an AoE and deal 5 burning damage to all caught for 3 seconds.  Slow attack speed. Might be OP.</tDescription>
		<skillOne>hit,burn,5,3</skillOne>
	</Row>
	<Row>
		<TotalCost>470</TotalCost>
		<Name>Hot Spot</Name>
		<AoE>45</AoE>
		<Range>106</Range>
		<of_Targets>1</of_Targets>
		<Dmg>155</Dmg>
		<Atk_Speed>36</Atk_Speed>
		<Cost>280</Cost>
		<Type>fire</Type>
		<bulletFrame>FireBall</bulletFrame>
		<bulletHit>BlankHit</bulletHit>
		<bulletSpeed>12</bulletSpeed>
		<towerFrame>23</towerFrame>
		<fireSoundString>default</fireSoundString>
		<hitSoundString>lavasplash</hitSoundString>
		<tDescription>Bigger fireball, longer range.  Burn deals 15 damage per second for 3 seconds.</tDescription>
		<skillOne>hit,burn,15,3</skillOne>
	</Row>
	<Row>
		<TotalCost>470</TotalCost>
		<Name>Inferno</Name>
		<AoE>0</AoE>
		<Range>106</Range>
		<of_Targets>1</of_Targets>
		<Dmg>660</Dmg>
		<Atk_Speed>28</Atk_Speed>
		<Cost>280</Cost>
		<Type>fire</Type>
		<bulletFrame>FireBall</bulletFrame>
		<bulletHit>BlankHit</bulletHit>
		<bulletSpeed>12</bulletSpeed>
		<towerFrame>29</towerFrame>
		<fireSoundString>default</fireSoundString>
		<hitSoundString>lavasplash</hitSoundString>
		<tDescription>Shoots far, hits hard.  No burn or AoE, but I mean, why not just kill the guy you were aiming at?</tDescription>
	</Row>
	<Row>
		<TotalCost>40</TotalCost>
		<Name>Ice Tower</Name>
		<AoE>30</AoE>
		<Range>85</Range>
		<of_Targets>1</of_Targets>
		<Dmg>12</Dmg>
		<Atk_Speed>30</Atk_Speed>
		<Cost>40</Cost>
		<Type>ice</Type>
		<bulletFrame>IceShot</bulletFrame>
		<bulletHit>BlankHit</bulletHit>
		<bulletSpeed>24</bulletSpeed>
		<towerFrame>26</towerFrame>
		<fireSoundString>default</fireSoundString>
		<hitSoundString>icehit</hitSoundString>
		<upgradeOne>SnowTosser</upgradeOne>
		<upgradeTwo>IceShards</upgradeTwo>
		<upgradeThree>FrozenPond</upgradeThree>
		<tDescription>Icey.  Cold.  Refreshing.  Slows a small area.</tDescription>
		<skillOne>hit,slow,.14,2</skillOne>
	</Row>
	<Row>
		<TotalCost>180</TotalCost>
		<Name>Snow Tosser</Name>
		<AoE>0</AoE>
		<Range>85</Range>
		<of_Targets>1</of_Targets>
		<Dmg>48</Dmg>
		<Atk_Speed>12</Atk_Speed>
		<Cost>140</Cost>
		<Type>ice</Type>
		<bulletFrame>IceShot</bulletFrame>
		<bulletHit>BlankHit</bulletHit>
		<bulletSpeed>26</bulletSpeed>
		<towerFrame>59</towerFrame>
		<fireSoundString>default</fireSoundString>
		<hitSoundString>icehit</hitSoundString>
		<upgradeOne>SnowCannon</upgradeOne>
		<upgradeTwo>HelterPelter</upgradeTwo>
		<tDescription>Annoying twerp throws snowballs at your enemies.</tDescription>
		<skillOne>hit,slow,.13,2</skillOne>
	</Row>
	<Row>
		<TotalCost>420</TotalCost>
		<Name>Snow Cannon</Name>
		<AoE>45</AoE>
		<Range>85</Range>
		<of_Targets>1</of_Targets>
		<Dmg>115</Dmg>
		<Atk_Speed>28</Atk_Speed>
		<Cost>240</Cost>
		<Type>ice</Type>
		<bulletFrame>IceShot</bulletFrame>
		<bulletHit>BlankHit</bulletHit>
		<bulletSpeed>26</bulletSpeed>
		<towerFrame>48</towerFrame>
		<fireSoundString>default</fireSoundString>
		<hitSoundString>icehit</hitSoundString>
		<tDescription>Woah.  He built a tower out of snow that shoots snowballs for him.  Nice.</tDescription>
		<skillOne>hit,slow,.28,2</skillOne>
	</Row>
	<Row>
		<TotalCost>400</TotalCost>
		<Name>Helter Pelter</Name>
		<AoE>0</AoE>
		<Range>98</Range>
		<of_Targets>1</of_Targets>
		<Dmg>115</Dmg>
		<Atk_Speed>8</Atk_Speed>
		<Cost>220</Cost>
		<Type>ice</Type>
		<bulletFrame>IceShot</bulletFrame>
		<bulletHit>BlankHit</bulletHit>
		<bulletSpeed>28</bulletSpeed>
		<towerFrame>27</towerFrame>
		<fireSoundString>default</fireSoundString>
		<hitSoundString>icehit</hitSoundString>
		<tDescription>The snowball count, they're.. they're.. over 9000!?!?</tDescription>
		<skillOne>hit,slow,.18,2</skillOne>
	</Row>
	<Row>
		<TotalCost>120</TotalCost>
		<Name>Ice Shards</Name>
		<AoE>0</AoE>
		<Range>106</Range>
		<of_Targets>2</of_Targets>
		<Dmg>30</Dmg>
		<Atk_Speed>22</Atk_Speed>
		<Cost>80</Cost>
		<Type>ice</Type>
		<bulletFrame>IceShot</bulletFrame>
		<bulletHit>BlankHit</bulletHit>
		<bulletSpeed>30</bulletSpeed>
		<towerFrame>21</towerFrame>
		<fireSoundString>default</fireSoundString>
		<hitSoundString>icehit</hitSoundString>
		<upgradeOne>Hail</upgradeOne>
		<upgradeTwo>IceStorm</upgradeTwo>
		<tDescription>Shoots sharp icey spikes.  Hurts, slows, and hits 2 people.</tDescription>
		<skillOne>hit,slow,.18,2</skillOne>
	</Row>
	<Row>
		<TotalCost>410</TotalCost>
		<Name>Ice Storm</Name>
		<AoE>0</AoE>
		<Range>85</Range>
		<of_Targets>1</of_Targets>
		<Dmg>14</Dmg>
		<Atk_Speed>6</Atk_Speed>
		<Cost>230</Cost>
		<Type>ice</Type>
		<bulletFrame>BlankShot</bulletFrame>
		<bulletHit>BlankHit</bulletHit>
		<bulletSpeed>50</bulletSpeed>
		<towerFrame>60</towerFrame>
		<fireSoundString>default</fireSoundString>
		<hitSoundString>default</hitSoundString>
		<tDescription>Gives you a 2 range iced road on top of the snow.  Not bad at all.</tDescription>
		<skillOne>hit,slow,.20,2</skillOne>
		<skillTwo>timer,icedRoad,.18,2</skillTwo>
		<targeting>All</targeting>
	</Row>
	<Row>
		<TotalCost>360</TotalCost>
		<Name>Hail</Name>
		<AoE>0</AoE>
		<Range>106</Range>
		<of_Targets>3</of_Targets>
		<Dmg>88</Dmg>
		<Atk_Speed>20</Atk_Speed>
		<Cost>240</Cost>
		<Type>ice</Type>
		<bulletFrame>IceShot</bulletFrame>
		<bulletHit>BlankHit</bulletHit>
		<bulletSpeed>30</bulletSpeed>
		<towerFrame>25</towerFrame>
		<fireSoundString>default</fireSoundString>
		<hitSoundString>icehit</hitSoundString>
		<tDescription>Shoots 3 spikes at once, slows and reduces armor on each target.</tDescription>
		<skillOne>hit,slow,.22,2</skillOne>
		<skillTwo>hit,brittle,2,3</skillTwo>
	</Row>
	<Row>
		<TotalCost>170</TotalCost>
		<Name>Frozen Pond</Name>
		<AoE>0</AoE>
		<Range>50</Range>
		<of_Targets>1</of_Targets>
		<Dmg>10</Dmg>
		<Atk_Speed>12</Atk_Speed>
		<Cost>130</Cost>
		<Type>ice</Type>
		<bulletFrame>BlankShot</bulletFrame>
		<bulletHit>BlankHit</bulletHit>
		<bulletSpeed>50</bulletSpeed>
		<towerFrame>17</towerFrame>
		<fireSoundString>default</fireSoundString>
		<hitSoundString>default</hitSoundString>
		<upgradeOne>Blizzard</upgradeOne>
		<upgradeTwo>Yeti</upgradeTwo>
		<tDescription>Literally freezes the roads surrounding it, slowing enemy movement speed.  Hits every enemy in its' range.</tDescription>
		<skillOne>timer,icedRoad,.20,1</skillOne>
		<targeting>All</targeting>
	</Row>
	<Row>
		<TotalCost>400</TotalCost>
		<Name>Blizzard</Name>
		<AoE>0</AoE>
		<Range>50</Range>
		<of_Targets>1</of_Targets>
		<Dmg>25</Dmg>
		<Atk_Speed>12</Atk_Speed>
		<Cost>230</Cost>
		<Type>ice</Type>
		<bulletFrame>BlankShot</bulletFrame>
		<bulletHit>BlankHit</bulletHit>
		<bulletSpeed>50</bulletSpeed>
		<towerFrame>5</towerFrame>
		<fireSoundString>default</fireSoundString>
		<hitSoundString>default</hitSoundString>
		<tDescription>Iced Road lvl 2.  Did you know iced road and regular slow stack?</tDescription>
		<skillOne>timer,icedRoad,.30,1</skillOne>
		<targeting>All</targeting>
	</Row>
	<Row>
		<TotalCost>430</TotalCost>
		<Name>Yeti</Name>
		<AoE>47</AoE>
		<Range>70</Range>
		<of_Targets>1</of_Targets>
		<Dmg>120</Dmg>
		<Atk_Speed>18</Atk_Speed>
		<Cost>260</Cost>
		<Type>ice</Type>
		<bulletFrame>IceShot</bulletFrame>
		<bulletHit>BlankHit</bulletHit>
		<bulletSpeed>50</bulletSpeed>
		<towerFrame>58</towerFrame>
		<fireSoundString>default</fireSoundString>
		<hitSoundString>icehit</hitSoundString>
		<tDescription>Big melee damage, a pretty strong splashed slow, AND built in ice road.  Not a bad contender.</tDescription>
		<skillOne>timer,icedRoad,.20,1</skillOne>
		<skillTwo>hit,slow,.28,3</skillTwo>
	</Row>
	<Row>
		<TotalCost>60</TotalCost>
		<Name>Splash</Name>
		<AoE>40</AoE>
		<Range>106</Range>
		<of_Targets>1</of_Targets>
		<Dmg>26</Dmg>
		<Atk_Speed>42</Atk_Speed>
		<Cost>60</Cost>
		<Type>heavy</Type>
		<bulletFrame>CannonShot</bulletFrame>
		<bulletHit>BlankHit</bulletHit>
		<bulletSpeed>30</bulletSpeed>
		<towerFrame>50</towerFrame>
		<fireSoundString>cannonfire</fireSoundString>
		<hitSoundString>default</hitSoundString>
		<upgradeOne>Demolitionist</upgradeOne>
		<upgradeTwo>Gun</upgradeTwo>
		<tDescription>Big, explodey, splash guy.  Hits more than one unit if they're close.</tDescription>
	</Row>
	<Row>
		<TotalCost>190</TotalCost>
		<Name>Demo</Name>
		<AoE>50</AoE>
		<Range>106</Range>
		<of_Targets>1</of_Targets>
		<Dmg>52</Dmg>
		<Atk_Speed>36</Atk_Speed>
		<Cost>130</Cost>
		<Type>heavy</Type>
		<bulletFrame>CannonShot</bulletFrame>
		<bulletHit>BlankHit</bulletHit>
		<bulletSpeed>30</bulletSpeed>
		<towerFrame>11</towerFrame>
		<fireSoundString>cannonfire</fireSoundString>
		<hitSoundString>default</hitSoundString>
		<upgradeOne>Artillery</upgradeOne>
		<tDescription>Demolitionist.  More damage, more explosions.  What'd you expect?</tDescription>
	</Row>
	<Row>
		<TotalCost>440</TotalCost>
		<Name>Artillery</Name>
		<AoE>55</AoE>
		<Range>122</Range>
		<of_Targets>1</of_Targets>
		<Dmg>152</Dmg>
		<Atk_Speed>26</Atk_Speed>
		<Cost>250</Cost>
		<Type>heavy</Type>
		<bulletFrame>CannonShot</bulletFrame>
		<bulletHit>BlankHit</bulletHit>
		<bulletSpeed>30</bulletSpeed>
		<towerFrame>3</towerFrame>
		<fireSoundString>cannonfire</fireSoundString>
		<hitSoundString>default</hitSoundString>
		<tDescription>Increased range &amp; splash.  Make way for big ar-tillery!!</tDescription>
	</Row>
	<Row>
		<TotalCost>150</TotalCost>
		<Name>Gun</Name>
		<AoE>0</AoE>
		<Range>106</Range>
		<of_Targets>1</of_Targets>
		<Dmg>16</Dmg>
		<Atk_Speed>4</Atk_Speed>
		<Cost>90</Cost>
		<Type>pierce</Type>
		<bulletFrame>BulletShot</bulletFrame>
		<bulletHit>BulletHit</bulletHit>
		<bulletSpeed>106</bulletSpeed>
		<towerFrame>20</towerFrame>
		<fireSoundString>bulletshot</fireSoundString>
		<hitSoundString>default</hitSoundString>
		<upgradeOne>MachineGun</upgradeOne>
		<tDescription>Guns are sort of unfair against the metal armor the creeps wear.  That's why it shoots pellets.  It still hurts tho.</tDescription>
	</Row>
	<Row>
		<TotalCost>330</TotalCost>
		<Name>Machine Gun</Name>
		<AoE>0</AoE>
		<Range>106</Range>
		<of_Targets>1</of_Targets>
		<Dmg>44</Dmg>
		<Atk_Speed>4</Atk_Speed>
		<Cost>180</Cost>
		<Type>pierce</Type>
		<bulletFrame>BulletShot</bulletFrame>
		<bulletHit>BulletHit</bulletHit>
		<bulletSpeed>106</bulletSpeed>
		<towerFrame>34</towerFrame>
		<fireSoundString>bulletshot</fireSoundString>
		<hitSoundString>default</hitSoundString>
		<tDescription>Goes BRRRRRRRRRR.</tDescription>
	</Row>
	<Row>
		<TotalCost>65</TotalCost>
		<Name>Lightning</Name>
		<AoE>0</AoE>
		<Range>122</Range>
		<of_Targets>1</of_Targets>
		<Dmg>9</Dmg>
		<Atk_Speed>8</Atk_Speed>
		<Cost>65</Cost>
		<Type>fire</Type>
		<bulletFrame>LightningShot</bulletFrame>
		<bulletHit>BlankHit</bulletHit>
		<bulletSpeed>20</bulletSpeed>
		<towerFrame>32</towerFrame>
		<fireSoundString>zapsound</fireSoundString>
		<hitSoundString>default</hitSoundString>
		<upgradeOne>Multishooter</upgradeOne>
		<upgradeTwo>Laser</upgradeTwo>
		<upgradeThree>Chain</upgradeThree>
		<tDescription>Electricity travels fast and far.  I dare you to touch it.  Hey, what's this knob do?</tDescription>
	</Row>
	<Row>
		<TotalCost>185</TotalCost>
		<Name>Multishooter</Name>
		<AoE>0</AoE>
		<Range>122</Range>
		<of_Targets>3</of_Targets>
		<Dmg>12</Dmg>
		<Atk_Speed>8</Atk_Speed>
		<Cost>120</Cost>
		<Type>fire</Type>
		<bulletFrame>LightningShot</bulletFrame>
		<bulletHit>BlankHit</bulletHit>
		<bulletSpeed>20</bulletSpeed>
		<towerFrame>41</towerFrame>
		<fireSoundString>zapsound</fireSoundString>
		<hitSoundString>default</hitSoundString>
		<upgradeOne>MegaZap</upgradeOne>
		<tDescription>Hits 3 people at once.  Great vs groups, weak vs low numbers.</tDescription>
	</Row>
	<Row>
		<TotalCost>425</TotalCost>
		<Name>MegaZap</Name>
		<AoE>0</AoE>
		<Range>138</Range>
		<of_Targets>5</of_Targets>
		<Dmg>25</Dmg>
		<Atk_Speed>8</Atk_Speed>
		<Cost>240</Cost>
		<Type>fire</Type>
		<bulletFrame>LightningShot</bulletFrame>
		<bulletHit>BlankHit</bulletHit>
		<bulletSpeed>20</bulletSpeed>
		<towerFrame>38</towerFrame>
		<fireSoundString>zapsound</fireSoundString>
		<hitSoundString>default</hitSoundString>
		<tDescription>5 people??  This is madness!  This is an outrage!</tDescription>
	</Row>
	<Row>
		<TotalCost>185</TotalCost>
		<Name>Laser</Name>
		<AoE>0</AoE>
		<Range>122</Range>
		<of_Targets>1</of_Targets>
		<Dmg>17</Dmg>
		<Atk_Speed>4</Atk_Speed>
		<Cost>120</Cost>
		<Type>fire</Type>
		<bulletFrame>LightningShot</bulletFrame>
		<bulletHit>BlankHit</bulletHit>
		<bulletSpeed>20</bulletSpeed>
		<towerFrame>31</towerFrame>
		<fireSoundString>zapsound</fireSoundString>
		<hitSoundString>default</hitSoundString>
		<upgradeOne>DeathRay</upgradeOne>
		<tDescription>Goes *Pew* *Pew* *Pew*.  Can shock enemies, which gives a slow stun and damage.</tDescription>
		<skillOne>hit,shock,8,.05,.2</skillOne>
	</Row>
	<Row>
		<TotalCost>395</TotalCost>
		<Name>Death Ray</Name>
		<AoE>0</AoE>
		<Range>122</Range>
		<of_Targets>1</of_Targets>
		<Dmg>46</Dmg>
		<Atk_Speed>4</Atk_Speed>
		<Cost>210</Cost>
		<Type>fire</Type>
		<bulletFrame>LightningShot</bulletFrame>
		<bulletHit>BlankHit</bulletHit>
		<bulletSpeed>20</bulletSpeed>
		<towerFrame>10</towerFrame>
		<fireSoundString>zapsound</fireSoundString>
		<hitSoundString>default</hitSoundString>
		<tDescription>Requires a ransom of 1 million dollars.  Thinks that's a lot.</tDescription>
		<skillOne>hit,shock,32,.1,.2</skillOne>
	</Row>
	<Row>
		<TotalCost>195</TotalCost>
		<Name>Chain</Name>
		<AoE>0</AoE>
		<Range>122</Range>
		<of_Targets>1</of_Targets>
		<Dmg>21</Dmg>
		<Atk_Speed>8</Atk_Speed>
		<Cost>130</Cost>
		<Type>fire</Type>
		<bulletFrame>LightningShot</bulletFrame>
		<bulletHit>BlankHit</bulletHit>
		<bulletSpeed>20</bulletSpeed>
		<towerFrame>7</towerFrame>
		<fireSoundString>zapsound</fireSoundString>
		<hitSoundString>default</hitSoundString>
		<upgradeOne>MultiChain</upgradeOne>
		<tDescription>Chains 2 additional enemies</tDescription>
		<skillOne>hit,chain,2,6,.25,75,fire</skillOne>
	</Row>
	<Row>
		<TotalCost>475</TotalCost>
		<Name>MultiChain</Name>
		<AoE>0</AoE>
		<Range>122</Range>
		<of_Targets>1</of_Targets>
		<Dmg>40</Dmg>
		<Atk_Speed>8</Atk_Speed>
		<Cost>280</Cost>
		<Type>fire</Type>
		<bulletFrame>LightningShot</bulletFrame>
		<bulletHit>BlankHit</bulletHit>
		<bulletSpeed>20</bulletSpeed>
		<towerFrame>40</towerFrame>
		<fireSoundString>zapsound</fireSoundString>
		<hitSoundString>default</hitSoundString>
		<tDescription>Chains 3 additional enemies.</tDescription>
		<skillOne>hit,chain,3,6,.25,75,fire</skillOne>
	</Row>
	<Row>
		<TotalCost>50</TotalCost>
		<Name>Demonologist</Name>
		<AoE>0</AoE>
		<Range>78</Range>
		<of_Targets>1</of_Targets>
		<Dmg>11</Dmg>
		<Atk_Speed>12</Atk_Speed>
		<Cost>50</Cost>
		<Type>normal</Type>
		<bulletFrame>DemonShot</bulletFrame>
		<bulletHit>BlankHit</bulletHit>
		<bulletSpeed>20</bulletSpeed>
		<towerFrame>12</towerFrame>
		<fireSoundString>darkshot</fireSoundString>
		<hitSoundString>default</hitSoundString>
		<upgradeOne>Impling</upgradeOne>
		<upgradeTwo>Bloodhound</upgradeTwo>
		<upgradeThree>Slime</upgradeThree>
		<tDescription>Carries around a funny looking book while listening to MCR.  Really likes dead things.</tDescription>
	</Row>
	<Row>
		<TotalCost>150</TotalCost>
		<Name>Impling</Name>
		<AoE>0</AoE>
		<Range>66</Range>
		<of_Targets>1</of_Targets>
		<Dmg>40</Dmg>
		<Atk_Speed>12</Atk_Speed>
		<Cost>100</Cost>
		<Type>pierce</Type>
		<bulletFrame>DemonShot</bulletFrame>
		<bulletHit>BlankHit</bulletHit>
		<bulletSpeed>20</bulletSpeed>
		<towerFrame>33</towerFrame>
		<fireSoundString>darkshot</fireSoundString>
		<hitSoundString>default</hitSoundString>
		<upgradeOne>MidnightCeremony</upgradeOne>
		<upgradeTwo>Lucifer</upgradeTwo>
		<tDescription>Scratches you and it burns.  You should, uh, get that checked out.</tDescription>
		<skillOne>hit,burn,8,3</skillOne>
	</Row>
	<Row>
		<TotalCost>165</TotalCost>
		<Name>Bloodhound</Name>
		<AoE>0</AoE>
		<Range>78</Range>
		<of_Targets>1</of_Targets>
		<Dmg>60</Dmg>
		<Atk_Speed>16</Atk_Speed>
		<Cost>115</Cost>
		<Type>normal</Type>
		<bulletFrame>DemonShot</bulletFrame>
		<bulletHit>BlankHit</bulletHit>
		<bulletSpeed>20</bulletSpeed>
		<towerFrame>6</towerFrame>
		<fireSoundString>darkshot</fireSoundString>
		<hitSoundString>default</hitSoundString>
		<upgradeOne>Fenrir</upgradeOne>
		<upgradeTwo>Cerberus</upgradeTwo>
		<tDescription>Borks in eViL.</tDescription>
		<skillOne>hit,crit,.2,1</skillOne>
	</Row>
	<Row>
		<TotalCost>190</TotalCost>
		<Name>Slime</Name>
		<AoE>0</AoE>
		<Range>78</Range>
		<of_Targets>1</of_Targets>
		<Dmg>70</Dmg>
		<Atk_Speed>16</Atk_Speed>
		<Cost>140</Cost>
		<Type>heavy</Type>
		<bulletFrame>DemonShot</bulletFrame>
		<bulletHit>BlankHit</bulletHit>
		<bulletSpeed>20</bulletSpeed>
		<towerFrame>19</towerFrame>
		<fireSoundString>darkshot</fireSoundString>
		<hitSoundString>default</hitSoundString>
		<upgradeOne>WingedCurse</upgradeOne>
		<upgradeTwo>TheOoze</upgradeTwo>
		<tDescription>Summoned by the demonologist, the slime is-- wait, really, a slime?  You're telling me this guy could have summoned a demon but choose evil jello?</tDescription>
		<skillOne>hit,brittle,2,3</skillOne>
	</Row>
	<Row>
		<TotalCost>385</TotalCost>
		<Name>Cerberus</Name>
		<AoE>0</AoE>
		<Range>85</Range>
		<of_Targets>3</of_Targets>
		<Dmg>70</Dmg>
		<Atk_Speed>16</Atk_Speed>
		<Cost>220</Cost>
		<Type>heavy</Type>
		<bulletFrame>DemonShot</bulletFrame>
		<bulletHit>BlankHit</bulletHit>
		<bulletSpeed>20</bulletSpeed>
		<towerFrame>61</towerFrame>
		<fireSoundString>darkshot</fireSoundString>
		<hitSoundString>default</hitSoundString>
		<tDescription>This heckin goodboi borks 3 people at once.</tDescription>
		<skillOne>hit,crit,.25,1</skillOne>
	</Row>
	<Row>
		<TotalCost>405</TotalCost>
		<Name>Fenrir</Name>
		<AoE>0</AoE>
		<Range>78</Range>
		<of_Targets>1</of_Targets>
		<Dmg>80</Dmg>
		<Atk_Speed>14</Atk_Speed>
		<Cost>240</Cost>
		<Type>heavy</Type>
		<bulletFrame>DemonShot</bulletFrame>
		<bulletHit>BlankHit</bulletHit>
		<bulletSpeed>20</bulletSpeed>
		<towerFrame>14</towerFrame>
		<fireSoundString>darkshot</fireSoundString>
		<hitSoundString>default</hitSoundString>
		<tDescription>Hunts down its prey and kills it until it's very, very dead.</tDescription>
		<skillOne>hit,poison,0,80,2</skillOne>
	</Row>
	<Row>
		<TotalCost>380</TotalCost>
		<Name>Winged Curse</Name>
		<AoE>0</AoE>
		<Range>85</Range>
		<of_Targets>1</of_Targets>
		<Dmg>38</Dmg>
		<Atk_Speed>16</Atk_Speed>
		<Cost>190</Cost>
		<Type>normal</Type>
		<bulletFrame>BlankShot</bulletFrame>
		<bulletHit>BlankHit</bulletHit>
		<bulletSpeed>50</bulletSpeed>
		<towerFrame>56</towerFrame>
		<fireSoundString>default</fireSoundString>
		<hitSoundString>default</hitSoundString>
		<tDescription>Hits all targets and applies increased damage aura.  Not bad!</tDescription>
		<skillOne>hit,penitence,.1,2</skillOne>
		<targeting>All</targeting>
	</Row>
	<Row>
		<TotalCost>450</TotalCost>
		<Name>Lucifer</Name>
		<AoE>0</AoE>
		<Range>98</Range>
		<of_Targets>1</of_Targets>
		<Dmg>50</Dmg>
		<Atk_Speed>8</Atk_Speed>
		<Cost>300</Cost>
		<Type>heavy</Type>
		<bulletFrame>DemonShot</bulletFrame>
		<bulletHit>BlankHit</bulletHit>
		<bulletSpeed>20</bulletSpeed>
		<towerFrame>62</towerFrame>
		<fireSoundString>darkshot</fireSoundString>
		<hitSoundString>default</hitSoundString>
		<tDescription>Upper-management.  Has to show the little guys how to get things done.</tDescription>
		<skillOne>hit,burn,50,2</skillOne>
	</Row>
	<Row>
		<TotalCost>440</TotalCost>
		<Name>Midnight Ceremony</Name>
		<AoE>0</AoE>
		<Range>85</Range>
		<of_Targets>1</of_Targets>
		<Dmg>25</Dmg>
		<Atk_Speed>22</Atk_Speed>
		<Cost>290</Cost>
		<Type>heavy</Type>
		<bulletFrame>BlankShot</bulletFrame>
		<bulletHit>BlankHit</bulletHit>
		<bulletSpeed>50</bulletSpeed>
		<towerFrame>39</towerFrame>
		<fireSoundString>default</fireSoundString>
		<hitSoundString>default</hitSoundString>
		<tDescription>The midnight candle burns deeply in the ears of those who listen.</tDescription>
		<skillOne>hit,burn,20,3</skillOne>
		<targeting>All</targeting>
	</Row>
	<Row>
		<TotalCost>370</TotalCost>
		<Name>The Ooze</Name>
		<AoE>30</AoE>
		<Range>85</Range>
		<of_Targets>1</of_Targets>
		<Dmg>180</Dmg>
		<Atk_Speed>16</Atk_Speed>
		<Cost>180</Cost>
		<Type>heavy</Type>
		<bulletFrame>DemonShot</bulletFrame>
		<bulletHit>BlankHit</bulletHit>
		<bulletSpeed>20</bulletSpeed>
		<towerFrame>63</towerFrame>
		<fireSoundString>darkshot</fireSoundString>
		<hitSoundString>default</hitSoundString>
		<tDescription>Slimy and sticky, it gets in your armor and is tough to get out.  Slight AoE.</tDescription>
		<skillOne>hit,brittle,3,3</skillOne>
	</Row>
	<Row>
		<TotalCost>40</TotalCost>
		<Name>Tinkerer</Name>
		<AoE>0</AoE>
		<Range>66</Range>
		<of_Targets>1</of_Targets>
		<Dmg>50000</Dmg>
		<Atk_Speed>12</Atk_Speed>
		<Cost>40</Cost>
		<Type>heavy</Type>
		<bulletFrame>ArrowShot</bulletFrame>
		<bulletHit>BlankHit</bulletHit>
		<bulletSpeed>50</bulletSpeed>
		<towerFrame>52</towerFrame>
		<fireSoundString>default</fireSoundString>
		<hitSoundString>default</hitSoundString>
		<tDescription>Dev user only.. Right?  Surely someone didn't find a way to make this…</tDescription>
		<skillOne>timer,atkSpdBuff,.05,2</skillOne>
		<skillTwo>timer,dmgBuff,.05,2</skillTwo>
	</Row>
</Root>