<?xml version="1.0" encoding="UTF-8" standalone="yes"?>
<Root xmlns:xsi="http://www.w3.org/2001/XMLSchema-instance">
	<Row>
		<Name>Archer</Name>
		<AoE>0</AoE>
		<Range>85</Range>
		<of_Targets>1</of_Targets>
		<Dmg>13</Dmg>
		<Atk_Speed>18</Atk_Speed>
		<Cost>40</Cost>
		<Type>pierce</Type>
		<bulletFrame>ArrowShot</bulletFrame>
		<bulletHit>BlankHit</bulletHit>
		<bulletSpeed>20</bulletSpeed>
		<towerFrame>2</towerFrame>
		<fireSoundString>arrowShot</fireSoundString>
		<hitSoundString>default</hitSoundString>
		<upgradeOne>Rogue</upgradeOne>
		<upgradeTwo>Woodsman</upgradeTwo>
		<upgradeThree>RoyalBowman</upgradeThree>
		<tDescription>The Archer.  Everyone's favorite starting class.  If this tower could crouch and be stealth, it might crit, but it can't, so it doesn't.</tDescription>
	</Row>
	<Row>
		<Name>Rogue</Name>
		<AoE>0</AoE>
		<Range>85</Range>
		<of_Targets>1</of_Targets>
		<Dmg>44</Dmg>
		<Atk_Speed>17</Atk_Speed>
		<Cost>90</Cost>
		<Type>pierce</Type>
		<bulletFrame>ArrowShot</bulletFrame>
		<bulletHit>BlankHit</bulletHit>
		<bulletSpeed>30</bulletSpeed>
		<towerFrame>43</towerFrame>
		<fireSoundString>arrowShot</fireSoundString>
		<hitSoundString>default</hitSoundString>
		<upgradeOne>Shadow</upgradeOne>
		<upgradeTwo>Assassin</upgradeTwo>
		<skillOne>hit,crit,.2,1</skillOne>
		<tDescription>Shots have a chance to crit, dealing a second attack for 100% weapon damage.</tDescription>
	</Row>
	<Row>
		<Name>Shadow</Name>
		<AoE>0</AoE>
		<Range>106</Range>
		<of_Targets>1</of_Targets>
		<Dmg>180</Dmg>
		<Atk_Speed>16</Atk_Speed>
		<Cost>180</Cost>
		<Type>normal</Type>
		<bulletFrame>ArrowShot</bulletFrame>
		<bulletHit>BlankHit</bulletHit>
		<bulletSpeed>30</bulletSpeed>
		<towerFrame>47</towerFrame>
		<fireSoundString>arrowShot</fireSoundString>
		<hitSoundString>default</hitSoundString>
		<skillOne>hit,crit,.2,2</skillOne>
		<tDescription>Sure to kill whoever he's aiming for.  Chance for 3x crit.</tDescription>
	</Row>
	<Row>
		<Name>Assassin</Name>
		<AoE>0</AoE>
		<Range>106</Range>
		<of_Targets>3</of_Targets>
		<Dmg>70</Dmg>
		<Atk_Speed>16</Atk_Speed>
		<Cost>180</Cost>
		<Type>pierce</Type>
		<bulletFrame>ArrowShot</bulletFrame>
		<bulletHit>BlankHit</bulletHit>
		<bulletSpeed>30</bulletSpeed>
		<towerFrame>4</towerFrame>
		<fireSoundString>arrowShot</fireSoundString>
		<hitSoundString>default</hitSoundString>
		<skillOne>hit,crit,.2,1</skillOne>
		<tDescription>In the shadows you'll find him.  Throwing daggers, hurting people.  Triple shot, same crit.</tDescription>
	</Row>
	<Row>
		<Name>Royal Bowman</Name>
		<AoE>0</AoE>
		<Range>106</Range>
		<of_Targets>1</of_Targets>
		<Dmg>60</Dmg>
		<Atk_Speed>16</Atk_Speed>
		<Cost>135</Cost>
		<Type>pierce</Type>
		<bulletFrame>ArrowShot</bulletFrame>
		<bulletHit>BlankHit</bulletHit>
		<bulletSpeed>20</bulletSpeed>
		<towerFrame>44</towerFrame>
		<fireSoundString>arrowShot</fireSoundString>
		<hitSoundString>default</hitSoundString>
		<upgradeOne>Elven</upgradeOne>
		<upgradeTwo>Hero</upgradeTwo>
		<tDescription>The Royal Bowman.  A larger range, stronger archer.</tDescription>
	</Row>
	<Row>
		<Name>Elven</Name>
		<AoE>0</AoE>
		<Range>106</Range>
		<of_Targets>1</of_Targets>
		<Dmg>110</Dmg>
		<Atk_Speed>18</Atk_Speed>
		<Cost>180</Cost>
		<Type>normal</Type>
		<bulletFrame>ArrowShot</bulletFrame>
		<bulletHit>BlankHit</bulletHit>
		<bulletSpeed>30</bulletSpeed>
		<towerFrame>13</towerFrame>
		<fireSoundString>arrowShot</fireSoundString>
		<hitSoundString>default</hitSoundString>
		<skillOne>timer,atkSpdBuff,.15,2</skillOne>
		<tDescription>Calls upon Elven spirits to increase nearby towers attack speed.</tDescription>
	</Row>
	<Row>
		<Name>Hero</Name>
		<AoE>0</AoE>
		<Range>122</Range>
		<of_Targets>1</of_Targets>
		<Dmg>120</Dmg>
		<Atk_Speed>16</Atk_Speed>
		<Cost>190</Cost>
		<Type>normal</Type>
		<bulletFrame>ArrowShot</bulletFrame>
		<bulletHit>BlankHit</bulletHit>
		<bulletSpeed>30</bulletSpeed>
		<towerFrame>22</towerFrame>
		<fireSoundString>arrowShot</fireSoundString>
		<hitSoundString>default</hitSoundString>
		<skillOne>hit,brittle,4,3</skillOne>
		<tDescription>Our hero.  Applies -4 armor for 3 seconds on hit.</tDescription>
	</Row>
	<Row>
		<Name>Woodsman</Name>
		<AoE>0</AoE>
		<Range>85</Range>
		<of_Targets>2</of_Targets>
		<Dmg>22</Dmg>
		<Atk_Speed>20</Atk_Speed>
		<Cost>80</Cost>
		<Type>pierce</Type>
		<bulletFrame>ArrowShot</bulletFrame>
		<bulletHit>BlankHit</bulletHit>
		<bulletSpeed>30</bulletSpeed>
		<towerFrame>57</towerFrame>
		<fireSoundString>arrowShot</fireSoundString>
		<hitSoundString>default</hitSoundString>
		<upgradeOne>Hunter</upgradeOne>
		<upgradeTwo>Alchemist</upgradeTwo>
		<skillOne>hit,poison,.08,5,3</skillOne>
		<tDescription>Hits two targets at once.  Applies poison which hurts over time &amp; slows.</tDescription>
	</Row>
	<Row>
		<Name>Hunter</Name>
		<AoE>0</AoE>
		<Range>106</Range>
		<of_Targets>1</of_Targets>
		<Dmg>165</Dmg>
		<Atk_Speed>16</Atk_Speed>
		<Cost>240</Cost>
		<Type>pierce</Type>
		<bulletFrame>ArrowShot</bulletFrame>
		<bulletHit>BlankHit</bulletHit>
		<bulletSpeed>30</bulletSpeed>
		<towerFrame>24</towerFrame>
		<fireSoundString>arrowShot</fireSoundString>
		<hitSoundString>default</hitSoundString>
		<skillOne>hit,poison,.28,20,5</skillOne>
		<tDescription>Skilled with poisons.  Hits one guys, but really ruins that guys day.</tDescription>
	</Row>
	<Row>
		<Name>Alchemist</Name>
		<AoE>40</AoE>
		<Range>106</Range>
		<of_Targets>1</of_Targets>
		<Dmg>71</Dmg>
		<Atk_Speed>28</Atk_Speed>
		<Cost>200</Cost>
		<Type>normal</Type>
		<bulletFrame>ArrowShot</bulletFrame>
		<bulletHit>BlankHit</bulletHit>
		<bulletSpeed>30</bulletSpeed>
		<towerFrame>1</towerFrame>
		<fireSoundString>arrowShot</fireSoundString>
		<hitSoundString>default</hitSoundString>
		<skillOne>hit,poison,.13,10,2</skillOne>
		<tDescription>Makes a big, poisonous splash when he attacks.</tDescription>
	</Row>
	<Row>
		<Name>Warrior</Name>
		<AoE>0</AoE>
		<Range>50</Range>
		<of_Targets>1</of_Targets>
		<Dmg>17</Dmg>
		<Atk_Speed>20</Atk_Speed>
		<Cost>30</Cost>
		<Type>normal</Type>
		<bulletFrame>BlankShot</bulletFrame>
		<bulletHit>RedSlash</bulletHit>
		<bulletSpeed>50</bulletSpeed>
		<towerFrame>55</towerFrame>
		<fireSoundString>swordhit</fireSoundString>
		<hitSoundString>default</hitSoundString>
		<upgradeOne>Swordsman</upgradeOne>
		<upgradeTwo>Knight</upgradeTwo>
		<upgradeThree>Commander</upgradeThree>
		<tDescription>Your basic warrior.  Can be seen in nearly all fantasy tales.  Has a soft side under all that armor.</tDescription>
	</Row>
	<Row>
		<Name>Swordsman</Name>
		<AoE>0</AoE>
		<Range>50</Range>
		<of_Targets>1</of_Targets>
		<Dmg>50</Dmg>
		<Atk_Speed>16</Atk_Speed>
		<Cost>100</Cost>
		<Type>normal</Type>
		<bulletFrame>BlankShot</bulletFrame>
		<bulletHit>RedSlash</bulletHit>
		<bulletSpeed>50</bulletSpeed>
		<towerFrame>51</towerFrame>
		<fireSoundString>swordhit</fireSoundString>
		<hitSoundString>default</hitSoundString>
		<upgradeOne>Samurai</upgradeOne>
		<upgradeTwo>MasterSwordsman</upgradeTwo>
		<skillOne>hit,stun,.1,.5</skillOne>
		<tDescription>A warrior on drugs.  Hits hard, and fast, and has a chance to stun..</tDescription>
	</Row>
	<Row>
		<Name>Samurai</Name>
		<AoE>0</AoE>
		<Range>50</Range>
		<of_Targets>1</of_Targets>
		<Dmg>155</Dmg>
		<Atk_Speed>12</Atk_Speed>
		<Cost>170</Cost>
		<Type>normal</Type>
		<bulletFrame>BlankShot</bulletFrame>
		<bulletHit>RedSlash</bulletHit>
		<bulletSpeed>50</bulletSpeed>
		<towerFrame>45</towerFrame>
		<fireSoundString>swordhit</fireSoundString>
		<hitSoundString>default</hitSoundString>
		<skillOne>hit,crit,.1,1</skillOne>
		<skillTwo>hit,stun,.1,.5</skillTwo>
		<tDescription>Hits hard and fast.  Crits and stuns.  Attacs and protecs.</tDescription>
	</Row>
	<Row>
		<Name>Master Swordsman</Name>
		<AoE>0</AoE>
		<Range>50</Range>
		<of_Targets>1</of_Targets>
		<Dmg>190</Dmg>
		<Atk_Speed>17</Atk_Speed>
		<Cost>220</Cost>
		<Type>heavy</Type>
		<bulletFrame>BlankShot</bulletFrame>
		<bulletHit>RedSlash</bulletHit>
		<bulletSpeed>50</bulletSpeed>
		<towerFrame>37</towerFrame>
		<fireSoundString>swordhit</fireSoundString>
		<hitSoundString>default</hitSoundString>
		<skillOne>hit,stun,.15,1</skillOne>
		<tDescription>This master of swordsmanship has the ability to bash an enemy and stun them for longer.</tDescription>
	</Row>
	<Row>
		<Name>Knight</Name>
		<AoE>0</AoE>
		<Range>50</Range>
		<of_Targets>1</of_Targets>
		<Dmg>70</Dmg>
		<Atk_Speed>18</Atk_Speed>
		<Cost>115</Cost>
		<Type>heavy</Type>
		<bulletFrame>BlankShot</bulletFrame>
		<bulletHit>RedSlash</bulletHit>
		<bulletSpeed>50</bulletSpeed>
		<towerFrame>30</towerFrame>
		<fireSoundString>swordhit</fireSoundString>
		<hitSoundString>default</hitSoundString>
		<upgradeOne>DeathKnight</upgradeOne>
		<upgradeTwo>Paladin</upgradeTwo>
		<skillOne>hit,penitence,.15,2</skillOne>
		<tDescription>It's a Knight in shining armor.  Gives a debuff that increases enemy's damage taken.  Tips fedora a lot for some reason.</tDescription>
	</Row>
	<Row>
		<Name>Death Knight</Name>
		<AoE>0</AoE>
		<Range>50</Range>
		<of_Targets>1</of_Targets>
		<Dmg>150</Dmg>
		<Atk_Speed>16</Atk_Speed>
		<Cost>190</Cost>
		<Type>heavy</Type>
		<bulletFrame>BlankShot</bulletFrame>
		<bulletHit>RedSlash</bulletHit>
		<bulletSpeed>50</bulletSpeed>
		<towerFrame>9</towerFrame>
		<fireSoundString>swordhit</fireSoundString>
		<hitSoundString>default</hitSoundString>
		<skillOne>hit,penitence,.25,2</skillOne>
		<tDescription>He's kind of sad, but he does increase that debuff some more.  xXxEdgeLordxXx</tDescription>
	</Row>
	<Row>
		<Name>Paladin</Name>
		<AoE>0</AoE>
		<Range>50</Range>
		<of_Targets>1</of_Targets>
		<Dmg>150</Dmg>
		<Atk_Speed>18</Atk_Speed>
		<Cost>210</Cost>
		<Type>heavy</Type>
		<bulletFrame>BlankShot</bulletFrame>
		<bulletHit>RedSlash</bulletHit>
		<bulletSpeed>50</bulletSpeed>
		<towerFrame>42</towerFrame>
		<fireSoundString>swordhit</fireSoundString>
		<hitSoundString>default</hitSoundString>
		<skillOne>hit,henchant,.08,1,3</skillOne>
		<tDescription>Each strike will provide increased attack speed to adjacent towers (stacks).</tDescription>
	</Row>
	<Row>
		<Name>Commander</Name>
		<AoE>0</AoE>
		<Range>50</Range>
		<of_Targets>1</of_Targets>
		<Dmg>80</Dmg>
		<Atk_Speed>18</Atk_Speed>
		<Cost>150</Cost>
		<Type>normal</Type>
		<bulletFrame>BlankShot</bulletFrame>
		<bulletHit>RedSlash</bulletHit>
		<bulletSpeed>50</bulletSpeed>
		<towerFrame>8</towerFrame>
		<fireSoundString>swordhit</fireSoundString>
		<hitSoundString>default</hitSoundString>
		<upgradeOne>Warleader</upgradeOne>
		<upgradeTwo>General</upgradeTwo>
		<skillOne>timer,dmgBuff,.12,2</skillOne>
		<tDescription>Likes to shout a lot of motivational things.  Nearby towers strangely reply to it. DmgUp to nearby towers (range 2)</tDescription>
	</Row>
	<Row>
		<Name>General</Name>
		<AoE>0</AoE>
		<Range>50</Range>
		<of_Targets>1</of_Targets>
		<Dmg>180</Dmg>
		<Atk_Speed>18</Atk_Speed>
		<Cost>340</Cost>
		<Type>normal</Type>
		<bulletFrame>BlankShot</bulletFrame>
		<bulletHit>RedSlash</bulletHit>
		<bulletSpeed>50</bulletSpeed>
		<towerFrame>18</towerFrame>
		<fireSoundString>swordhit</fireSoundString>
		<hitSoundString>default</hitSoundString>
		<skillOne>timer,dmgBuff,.12,3</skillOne>
		<tDescription>Same aura, but now it extends +1 range.</tDescription>
	</Row>
	<Row>
		<Name>Warleader</Name>
		<AoE>0</AoE>
		<Range>50</Range>
		<of_Targets>1</of_Targets>
		<Dmg>180</Dmg>
		<Atk_Speed>16</Atk_Speed>
		<Cost>280</Cost>
		<Type>heavy</Type>
		<bulletFrame>BlankShot</bulletFrame>
		<bulletHit>RedSlash</bulletHit>
		<bulletSpeed>50</bulletSpeed>
		<towerFrame>54</towerFrame>
		<fireSoundString>swordhit</fireSoundString>
		<hitSoundString>default</hitSoundString>
		<skillOne>timer,dmgBuff,.20,2</skillOne>
		<tDescription>Let loose the hounds of war with a bigger damage boost on nearby towers (range 2).</tDescription>
	</Row>
	<Row>
		<Name>Fire Tower</Name>
		<AoE>0</AoE>
		<Range>85</Range>
		<of_Targets>1</of_Targets>
		<Dmg>4</Dmg>
		<Atk_Speed>4</Atk_Speed>
		<Cost>50</Cost>
		<Type>fire</Type>
		<bulletFrame>FireBall</bulletFrame>
		<bulletHit>BlankHit</bulletHit>
		<bulletSpeed>12</bulletSpeed>
		<towerFrame>16</towerFrame>
		<fireSoundString>flame</fireSoundString>
		<hitSoundString>default</hitSoundString>
		<upgradeOne>ScorchedEarth</upgradeOne>
		<upgradeTwo>FireSpout</upgradeTwo>
		<upgradeThree>MagmaThrower</upgradeThree>
		<tDescription>Takes fire and throws it, like some sort of throwing flame machine.</tDescription>
	</Row>
	<Row>
		<Name>Scorched Earth</Name>
		<AoE>0</AoE>
		<Range>0</Range>
		<of_Targets>0</of_Targets>
		<Atk_Speed>24</Atk_Speed>
		<Cost>120</Cost>
		<Type>fire</Type>
		<bulletFrame>FireBall</bulletFrame>
		<bulletHit>BlankHit</bulletHit>
		<bulletSpeed>50</bulletSpeed>
		<towerFrame>46</towerFrame>
		<fireSoundString>default</fireSoundString>
		<hitSoundString>default</hitSoundString>
		<upgradeOne>Mars</upgradeOne>
		<upgradeTwo>SolarFlare</upgradeTwo>
		<targeting>All</targeting>
		<skillOne>timer,fireRoad,52,1</skillOne>
		<tDescription>These line of tower upgrades eliminate tower attack, instead opting to set the road directly on fire, dealing damage over those walking on it.</tDescription>
	</Row>
	<Row>
		<Name>Mars</Name>
		<AoE>0</AoE>
		<Range>0</Range>
		<of_Targets>0</of_Targets>
		<Atk_Speed>24</Atk_Speed>
		<Cost>210</Cost>
		<Type>fire</Type>
		<bulletFrame>FireBall</bulletFrame>
		<bulletHit>BlankHit</bulletHit>
		<bulletSpeed>50</bulletSpeed>
		<towerFrame>36</towerFrame>
		<fireSoundString>default</fireSoundString>
		<hitSoundString>default</hitSoundString>
		<targeting>All</targeting>
		<skillOne>timer,fireRoad,230,1</skillOne>
		<tDescription>Makes your enemies nice and crispy by increasing the heat.</tDescription>
	</Row>
	<Row>
		<Name>Solar Flare</Name>
		<AoE>0</AoE>
		<Range>0</Range>
		<of_Targets>0</of_Targets>
		<Atk_Speed>24</Atk_Speed>
		<Cost>240</Cost>
		<Type>fire</Type>
		<bulletFrame>FireBall</bulletFrame>
		<bulletHit>BlankHit</bulletHit>
		<bulletSpeed>50</bulletSpeed>
		<towerFrame>49</towerFrame>
		<fireSoundString>default</fireSoundString>
		<hitSoundString>default</hitSoundString>
		<targeting>All</targeting>
		<skillOne>timer,fireRoad,120,2</skillOne>
		<tDescription>Burn range increased by 1 &amp; does more damage.</tDescription>
	</Row>
	<Row>
		<Name>Fire Spout</Name>
		<AoE>0</AoE>
		<Range>85</Range>
		<of_Targets>1</of_Targets>
		<Dmg>14</Dmg>
		<Atk_Speed>4</Atk_Speed>
		<Cost>100</Cost>
		<Type>fire</Type>
		<bulletFrame>FireBall</bulletFrame>
		<bulletHit>BlankHit</bulletHit>
		<bulletSpeed>12</bulletSpeed>
		<towerFrame>15</towerFrame>
		<fireSoundString>flame</fireSoundString>
		<hitSoundString>default</hitSoundString>
		<upgradeOne>TripleSpout</upgradeOne>
		<upgradeTwo>Incinerator</upgradeTwo>
		<tDescription>Burn, burn, burn, my darling.</tDescription>
	</Row>
	<Row>
		<Name>Triple Spout</Name>
		<AoE>0</AoE>
		<Range>85</Range>
		<of_Targets>3</of_Targets>
		<Dmg>25</Dmg>
		<Atk_Speed>6</Atk_Speed>
		<Cost>240</Cost>
		<Type>fire</Type>
		<bulletFrame>FireBall</bulletFrame>
		<bulletHit>BlankHit</bulletHit>
		<bulletSpeed>12</bulletSpeed>
		<towerFrame>53</towerFrame>
		<fireSoundString>flame</fireSoundString>
		<hitSoundString>default</hitSoundString>
		<tDescription>Hits 3 people now.  How cool now?  3?!</tDescription>
	</Row>
	<Row>
		<Name>Incinerator</Name>
		<AoE>12</AoE>
		<Range>85</Range>
		<of_Targets>1</of_Targets>
		<Dmg>39</Dmg>
		<Atk_Speed>4</Atk_Speed>
		<Cost>280</Cost>
		<Type>fire</Type>
		<bulletFrame>FireBall</bulletFrame>
		<bulletHit>BlankHit</bulletHit>
		<bulletSpeed>12</bulletSpeed>
		<towerFrame>28</towerFrame>
		<fireSoundString>flame</fireSoundString>
		<hitSoundString>default</hitSoundString>
		<tDescription>A strong tower on its own, it has a very small AoE which takes this from okay to OP.  Why am I telling you this!?</tDescription>
	</Row>
	<Row>
		<Name>Magma Thrower</Name>
		<AoE>45</AoE>
		<Range>106</Range>
		<of_Targets>1</of_Targets>
		<Dmg>53</Dmg>
		<Atk_Speed>32</Atk_Speed>
		<Cost>140</Cost>
		<Type>fire</Type>
		<bulletFrame>FireBall</bulletFrame>
		<bulletHit>BlankHit</bulletHit>
		<bulletSpeed>12</bulletSpeed>
		<towerFrame>35</towerFrame>
		<fireSoundString>default</fireSoundString>
		<hitSoundString>lavasplash</hitSoundString>
		<upgradeOne>HotSpot</upgradeOne>
		<upgradeTwo>Inferno</upgradeTwo>
		<skillOne>hit,burn,5,3</skillOne>
		<tDescription>Throws large fireballs that explode in an AoE and deal 5 burning damage to all caught for 3 seconds.  Slow attack speed. Might be OP.</tDescription>
	</Row>
	<Row>
		<Name>Hot Spot</Name>
		<AoE>45</AoE>
		<Range>106</Range>
		<of_Targets>1</of_Targets>
		<Dmg>158</Dmg>
		<Atk_Speed>36</Atk_Speed>
		<Cost>280</Cost>
		<Type>fire</Type>
		<bulletFrame>FireBall</bulletFrame>
		<bulletHit>BlankHit</bulletHit>
		<bulletSpeed>12</bulletSpeed>
		<towerFrame>23</towerFrame>
		<fireSoundString>default</fireSoundString>
		<hitSoundString>lavasplash</hitSoundString>
		<skillOne>hit,burn,15,3</skillOne>
		<tDescription>Bigger fireball, longer range.  Burn deals 15 damage per second for 3 seconds.</tDescription>
	</Row>
	<Row>
		<Name>Inferno</Name>
		<AoE>0</AoE>
		<Range>106</Range>
		<of_Targets>1</of_Targets>
		<Dmg>474</Dmg>
		<Atk_Speed>32</Atk_Speed>
		<Cost>280</Cost>
		<Type>fire</Type>
		<bulletFrame>FireBall</bulletFrame>
		<bulletHit>BlankHit</bulletHit>
		<bulletSpeed>12</bulletSpeed>
		<towerFrame>29</towerFrame>
		<fireSoundString>default</fireSoundString>
		<hitSoundString>lavasplash</hitSoundString>
		<tDescription>Shoots far, hits hard.  No burn or AoE, but I mean, why not just kill the guy you were aiming at?</tDescription>
	</Row>
	<Row>
		<Name>Ice Tower</Name>
		<AoE>30</AoE>
		<Range>85</Range>
		<of_Targets>1</of_Targets>
		<Dmg>12</Dmg>
		<Atk_Speed>30</Atk_Speed>
		<Cost>40</Cost>
		<Type>ice</Type>
		<bulletFrame>IceShot</bulletFrame>
		<bulletHit>BlankHit</bulletHit>
		<bulletSpeed>24</bulletSpeed>
		<towerFrame>26</towerFrame>
		<fireSoundString>default</fireSoundString>
		<hitSoundString>icehit</hitSoundString>
		<upgradeOne>SnowCannon</upgradeOne>
		<upgradeTwo>Icicle</upgradeTwo>
		<upgradeThree>FrozenPond</upgradeThree>
		<skillOne>hit,slow,.18,2</skillOne>
		<tDescription>Icey.  Cold.  Refreshing.  Slows a small area.</tDescription>
	</Row>
	<Row>
		<Name>Snow Cannon</Name>
		<AoE>45</AoE>
		<Range>85</Range>
		<of_Targets>1</of_Targets>
		<Dmg>25</Dmg>
		<Atk_Speed>30</Atk_Speed>
		<Cost>140</Cost>
		<Type>ice</Type>
		<bulletFrame>IceShot</bulletFrame>
		<bulletHit>BlankHit</bulletHit>
		<bulletSpeed>26</bulletSpeed>
		<towerFrame>48</towerFrame>
		<fireSoundString>default</fireSoundString>
		<hitSoundString>icehit</hitSoundString>
		<upgradeOne>IceMaker</upgradeOne>
		<skillOne>hit,slow,.25,2</skillOne>
		<tDescription>Bigger splash &amp; range, more slow!</tDescription>
	</Row>
	<Row>
		<Name>Ice Maker</Name>
		<AoE>50</AoE>
		<Range>98</Range>
		<of_Targets>1</of_Targets>
		<Dmg>80</Dmg>
		<Atk_Speed>26</Atk_Speed>
		<Cost>220</Cost>
		<Type>ice</Type>
		<bulletFrame>IceShot</bulletFrame>
		<bulletHit>BlankHit</bulletHit>
		<bulletSpeed>28</bulletSpeed>
		<towerFrame>25</towerFrame>
		<fireSoundString>default</fireSoundString>
		<hitSoundString>icehit</hitSoundString>
		<skillOne>hit,slow,.33,2</skillOne>
		<tDescription>How can she slow?!?  Bigger everything, more everything, it's a lot of things.</tDescription>
	</Row>
	<Row>
		<Name>Icicle</Name>
		<AoE>0</AoE>
		<Range>106</Range>
		<of_Targets>1</of_Targets>
		<Dmg>53</Dmg>
		<Atk_Speed>22</Atk_Speed>
		<Cost>80</Cost>
		<Type>ice</Type>
		<bulletFrame>IceShot</bulletFrame>
		<bulletHit>BlankHit</bulletHit>
		<bulletSpeed>30</bulletSpeed>
		<towerFrame>27</towerFrame>
		<fireSoundString>default</fireSoundString>
		<hitSoundString>icehit</hitSoundString>
		<upgradeOne>Hail</upgradeOne>
		<skillOne>hit,slow,.18,2</skillOne>
		<skillTwo>hit,brittle,1,2</skillTwo>
		<tDescription>Shoots ice spikes.  Long range, single target.  Slows 18% and reduces armor by 1 for 2 seconds.</tDescription>
	</Row>
	<Row>
		<Name>Hail</Name>
		<AoE>0</AoE>
		<Range>106</Range>
		<of_Targets>2</of_Targets>
		<Dmg>72</Dmg>
		<Atk_Speed>20</Atk_Speed>
		<Cost>240</Cost>
		<Type>ice</Type>
		<bulletFrame>IceShot</bulletFrame>
		<bulletHit>BlankHit</bulletHit>
		<bulletSpeed>30</bulletSpeed>
		<towerFrame>21</towerFrame>
		<fireSoundString>default</fireSoundString>
		<hitSoundString>icehit</hitSoundString>
		<skillOne>hit,slow,.18,2</skillOne>
		<skillTwo>hit,brittle,2,2</skillTwo>
		<tDescription>Shoots 2 spikes at once, slows by 18%, armor reduced by 2 on each target.</tDescription>
	</Row>
	<Row>
		<Name>Frozen Pond</Name>
		<AoE>0</AoE>
		<Range>50</Range>
		<of_Targets>1</of_Targets>
		<Dmg>30</Dmg>
		<Atk_Speed>12</Atk_Speed>
		<Cost>120</Cost>
		<Type>ice</Type>
		<bulletFrame>BlankShot</bulletFrame>
		<bulletHit>BlankHit</bulletHit>
		<bulletSpeed>50</bulletSpeed>
		<towerFrame>17</towerFrame>
		<fireSoundString>default</fireSoundString>
		<hitSoundString>default</hitSoundString>
		<upgradeOne>Blizzard</upgradeOne>
		<upgradeTwo>Yeti</upgradeTwo>
		<targeting>All</targeting>
		<skillOne>timer,icedRoad,.28,1</skillOne>
		<tDescription>Literally freezes the roads surrounding it, slowing enemy movement speed.  Hits every enemy in its' range.</tDescription>
	</Row>
	<Row>
		<Name>Blizzard</Name>
		<AoE>0</AoE>
		<Range>50</Range>
		<of_Targets>1</of_Targets>
		<Dmg>70</Dmg>
		<Atk_Speed>12</Atk_Speed>
		<Cost>230</Cost>
		<Type>ice</Type>
		<bulletFrame>BlankShot</bulletFrame>
		<bulletHit>BlankHit</bulletHit>
		<bulletSpeed>50</bulletSpeed>
		<towerFrame>5</towerFrame>
		<fireSoundString>default</fireSoundString>
		<hitSoundString>default</hitSoundString>
		<targeting>All</targeting>
		<skillOne>timer,icedRoad,.34,1</skillOne>
		<tDescription>Ice everywhere.  Increased slow, same effect.</tDescription>
	</Row>
	<Row>
		<Name>Yeti</Name>
		<AoE>47</AoE>
		<Range>70</Range>
		<of_Targets>1</of_Targets>
		<Dmg>100</Dmg>
		<Atk_Speed>18</Atk_Speed>
		<Cost>260</Cost>
		<Type>ice</Type>
		<bulletFrame>IceShot</bulletFrame>
		<bulletHit>BlankHit</bulletHit>
		<bulletSpeed>50</bulletSpeed>
		<towerFrame>58</towerFrame>
		<fireSoundString>default</fireSoundString>
		<hitSoundString>default</hitSoundString>
		<skillOne>hit,slow,.28,3</skillOne>
		<tDescription>Big Yeti mele hits with 28% slow for 3 seconds.  Low-ranged!</tDescription>
	</Row>
	<Row>
		<Name>Splash</Name>
		<AoE>40</AoE>
		<Range>106</Range>
		<of_Targets>1</of_Targets>
		<Dmg>26</Dmg>
		<Atk_Speed>42</Atk_Speed>
		<Cost>60</Cost>
		<Type>heavy</Type>
		<bulletFrame>CannonShot</bulletFrame>
		<bulletHit>BlankHit</bulletHit>
		<bulletSpeed>30</bulletSpeed>
		<towerFrame>50</towerFrame>
		<fireSoundString>cannonfire</fireSoundString>
		<hitSoundString>default</hitSoundString>
		<upgradeOne>Demolitionist</upgradeOne>
		<upgradeTwo>Gun</upgradeTwo>
		<tDescription>Big, explodey, splash guy.  Hits more than one unit if they're close.</tDescription>
	</Row>
	<Row>
		<Name>Demo</Name>
		<AoE>50</AoE>
		<Range>106</Range>
		<of_Targets>1</of_Targets>
		<Dmg>52</Dmg>
		<Atk_Speed>36</Atk_Speed>
		<Cost>130</Cost>
		<Type>heavy</Type>
		<bulletFrame>CannonShot</bulletFrame>
		<bulletHit>BlankHit</bulletHit>
		<bulletSpeed>30</bulletSpeed>
		<towerFrame>11</towerFrame>
		<fireSoundString>cannonfire</fireSoundString>
		<hitSoundString>default</hitSoundString>
		<upgradeOne>Artillery</upgradeOne>
		<tDescription>Demolitionist.  More damage, more explosions.  What'd you expect?</tDescription>
	</Row>
	<Row>
		<Name>Artillery</Name>
		<AoE>55</AoE>
		<Range>122</Range>
		<of_Targets>1</of_Targets>
		<Dmg>152</Dmg>
		<Atk_Speed>26</Atk_Speed>
		<Cost>250</Cost>
		<Type>heavy</Type>
		<bulletFrame>CannonShot</bulletFrame>
		<bulletHit>BlankHit</bulletHit>
		<bulletSpeed>30</bulletSpeed>
		<towerFrame>3</towerFrame>
		<fireSoundString>cannonfire</fireSoundString>
		<hitSoundString>default</hitSoundString>
		<tDescription>Increased range &amp; splash.  Make way for big ar-tillery!!</tDescription>
	</Row>
	<Row>
		<Name>Gun</Name>
		<AoE>0</AoE>
		<Range>106</Range>
		<of_Targets>1</of_Targets>
		<Dmg>16</Dmg>
		<Atk_Speed>4</Atk_Speed>
		<Cost>90</Cost>
		<Type>pierce</Type>
		<bulletFrame>BulletShot</bulletFrame>
		<bulletHit>BulletHit</bulletHit>
		<bulletSpeed>106</bulletSpeed>
		<towerFrame>20</towerFrame>
		<fireSoundString>bulletshot</fireSoundString>
		<hitSoundString>default</hitSoundString>
		<upgradeOne>MachineGun</upgradeOne>
		<tDescription>Guns are sort of unfair against the metal armor the creeps wear.  That's why it shoots pellets.  It still hurts tho.</tDescription>
	</Row>
	<Row>
		<Name>Machine Gun</Name>
		<AoE>0</AoE>
		<Range>106</Range>
		<of_Targets>1</of_Targets>
		<Dmg>44</Dmg>
		<Atk_Speed>4</Atk_Speed>
		<Cost>180</Cost>
		<Type>pierce</Type>
		<bulletFrame>BulletShot</bulletFrame>
		<bulletHit>BulletHit</bulletHit>
		<bulletSpeed>106</bulletSpeed>
		<towerFrame>34</towerFrame>
		<fireSoundString>bulletshot</fireSoundString>
		<hitSoundString>default</hitSoundString>
		<tDescription>Goes BRRRRRRRRRR.</tDescription>
	</Row>
	<Row>
		<Name>Lightning</Name>
		<AoE>0</AoE>
		<Range>122</Range>
		<of_Targets>1</of_Targets>
		<Dmg>9</Dmg>
		<Atk_Speed>8</Atk_Speed>
		<Cost>65</Cost>
		<Type>fire</Type>
		<bulletFrame>LightningShot</bulletFrame>
		<bulletHit>BlankHit</bulletHit>
		<bulletSpeed>20</bulletSpeed>
		<towerFrame>32</towerFrame>
		<fireSoundString>zapsound</fireSoundString>
		<hitSoundString>default</hitSoundString>
		<upgradeOne>Multishooter</upgradeOne>
		<upgradeTwo>Laser</upgradeTwo>
		<upgradeThree>Chain</upgradeThree>
		<tDescription>Electricity travels fast and far.  I dare you to touch it.  Hey, what's this knob do?</tDescription>
	</Row>
	<Row>
		<Name>Multishooter</Name>
		<AoE>0</AoE>
		<Range>122</Range>
		<of_Targets>3</of_Targets>
		<Dmg>12</Dmg>
		<Atk_Speed>8</Atk_Speed>
		<Cost>90</Cost>
		<Type>fire</Type>
		<bulletFrame>LightningShot</bulletFrame>
		<bulletHit>BlankHit</bulletHit>
		<bulletSpeed>20</bulletSpeed>
		<towerFrame>41</towerFrame>
		<fireSoundString>zapsound</fireSoundString>
		<hitSoundString>default</hitSoundString>
		<upgradeOne>MegaZap</upgradeOne>
		<tDescription>Hits 3 people at once.  Great vs groups, weak vs low numbers.</tDescription>
	</Row>
	<Row>
		<Name>MegaZap</Name>
		<AoE>0</AoE>
		<Range>138</Range>
		<of_Targets>5</of_Targets>
		<Dmg>25</Dmg>
		<Atk_Speed>8</Atk_Speed>
		<Cost>240</Cost>
		<Type>fire</Type>
		<bulletFrame>LightningShot</bulletFrame>
		<bulletHit>BlankHit</bulletHit>
		<bulletSpeed>20</bulletSpeed>
		<towerFrame>38</towerFrame>
		<fireSoundString>zapsound</fireSoundString>
		<hitSoundString>default</hitSoundString>
		<tDescription>5 people??  This is madness!  This is an outrage!</tDescription>
	</Row>
	<Row>
		<Name>Laser</Name>
		<AoE>0</AoE>
		<Range>122</Range>
		<of_Targets>1</of_Targets>
		<Dmg>17</Dmg>
		<Atk_Speed>4</Atk_Speed>
		<Cost>120</Cost>
		<Type>fire</Type>
		<bulletFrame>LightningShot</bulletFrame>
		<bulletHit>BlankHit</bulletHit>
		<bulletSpeed>20</bulletSpeed>
		<towerFrame>31</towerFrame>
		<fireSoundString>zapsound</fireSoundString>
		<hitSoundString>default</hitSoundString>
		<upgradeOne>DeathRay</upgradeOne>
		<skillOne>hit,shock,8,.05,.2</skillOne>
		<tDescription>Goes *Pew* *Pew* *Pew*.  Can shock enemies, which gives a slow stun and damage.</tDescription>
	</Row>
	<Row>
		<Name>Death Ray</Name>
		<AoE>0</AoE>
		<Range>122</Range>
		<of_Targets>1</of_Targets>
		<Dmg>46</Dmg>
		<Atk_Speed>4</Atk_Speed>
		<Cost>210</Cost>
		<Type>fire</Type>
		<bulletFrame>LightningShot</bulletFrame>
		<bulletHit>BlankHit</bulletHit>
		<bulletSpeed>20</bulletSpeed>
		<towerFrame>10</towerFrame>
		<fireSoundString>zapsound</fireSoundString>
		<hitSoundString>default</hitSoundString>
		<skillOne>hit,shock,32,.1,.2</skillOne>
		<tDescription>Requires a ransom of 1 million dollars.  Thinks that's a lot.</tDescription>
	</Row>
	<Row>
		<Name>Chain</Name>
		<AoE>0</AoE>
		<Range>122</Range>
		<of_Targets>1</of_Targets>
		<Dmg>21</Dmg>
		<Atk_Speed>8</Atk_Speed>
		<Cost>135</Cost>
		<Type>fire</Type>
		<bulletFrame>LightningShot</bulletFrame>
		<bulletHit>BlankHit</bulletHit>
		<bulletSpeed>20</bulletSpeed>
		<towerFrame>7</towerFrame>
		<fireSoundString>zapsound</fireSoundString>
		<hitSoundString>default</hitSoundString>
		<upgradeOne>MultiChain</upgradeOne>
		<skillOne>hit,chain,2,6,.15,75,fire</skillOne>
		<tDescription>Chains 2 additional enemies</tDescription>
	</Row>
	<Row>
		<Name>MultiChain</Name>
		<AoE>0</AoE>
		<Range>122</Range>
		<of_Targets>1</of_Targets>
		<Dmg>40</Dmg>
		<Atk_Speed>8</Atk_Speed>
		<Cost>280</Cost>
		<Type>fire</Type>
		<bulletFrame>LightningShot</bulletFrame>
		<bulletHit>BlankHit</bulletHit>
		<bulletSpeed>20</bulletSpeed>
		<towerFrame>40</towerFrame>
		<fireSoundString>zapsound</fireSoundString>
		<hitSoundString>default</hitSoundString>
		<skillOne>hit,chain,3,6,.15,75,fire</skillOne>
		<tDescription>Chains 3 additional enemies.</tDescription>
	</Row>
	<Row>
		<Name>Demonologist</Name>
		<AoE>0</AoE>
		<Range>85</Range>
		<of_Targets>1</of_Targets>
		<Dmg>14</Dmg>
		<Atk_Speed>12</Atk_Speed>
		<Cost>50</Cost>
		<Type>heavy</Type>
		<bulletFrame>DemonShot</bulletFrame>
		<bulletHit>BlankHit</bulletHit>
		<bulletSpeed>20</bulletSpeed>
		<towerFrame>12</towerFrame>
		<fireSoundString>default</fireSoundString>
		<hitSoundString>default</hitSoundString>
		<upgradeOne>Lucifer</upgradeOne>
		<upgradeTwo>Bloodhound</upgradeTwo>
		<upgradeThree>Gooey</upgradeThree>
		<tDescription>The Demonologist.  Carries around a funny looking book.  Really likes dead things.</tDescription>
	</Row>
	<Row>
		<Name>Lucifer</Name>
		<AoE>0</AoE>
		<Range>85</Range>
		<of_Targets>1</of_Targets>
		<Dmg>50</Dmg>
		<Atk_Speed>12</Atk_Speed>
		<Cost>100</Cost>
		<Type>heavy</Type>
		<bulletFrame>DemonShot</bulletFrame>
		<bulletHit>BlankHit</bulletHit>
		<bulletSpeed>20</bulletSpeed>
		<towerFrame>33</towerFrame>
		<fireSoundString>default</fireSoundString>
		<hitSoundString>default</hitSoundString>
		<upgradeOne>MidnightCeremony</upgradeOne>
		<skillOne>hit,burn,8,3</skillOne>
		<tDescription>Like it's hot.  But not too hot.</tDescription>
	</Row>
	<Row>
		<Name>Bloodhound</Name>
		<AoE>0</AoE>
		<Range>85</Range>
		<of_Targets>1</of_Targets>
		<Dmg>92</Dmg>
		<Atk_Speed>16</Atk_Speed>
		<Cost>115</Cost>
		<Type>heavy</Type>
		<bulletFrame>DemonShot</bulletFrame>
		<bulletHit>BlankHit</bulletHit>
		<bulletSpeed>20</bulletSpeed>
		<towerFrame>6</towerFrame>
		<fireSoundString>default</fireSoundString>
		<hitSoundString>default</hitSoundString>
		<upgradeOne>FeralBeast</upgradeOne>
		<skillOne>hit,crit,.2,1</skillOne>
		<tDescription>Borks in evil.</tDescription>
	</Row>
	<Row>
		<Name>Gooey</Name>
		<AoE>0</AoE>
		<Range>85</Range>
		<of_Targets>1</of_Targets>
		<Dmg>90</Dmg>
		<Atk_Speed>16</Atk_Speed>
		<Cost>140</Cost>
		<Type>heavy</Type>
		<bulletFrame>DemonShot</bulletFrame>
		<bulletHit>BlankHit</bulletHit>
		<bulletSpeed>20</bulletSpeed>
		<towerFrame>19</towerFrame>
		<fireSoundString>default</fireSoundString>
		<hitSoundString>default</hitSoundString>
		<upgradeOne>WingedCurse</upgradeOne>
		<tDescription>Made of some sort of sticky substance.  We dare not ask.</tDescription>
	</Row>
	<Row>
		<Name>Feral Beast</Name>
		<AoE>0</AoE>
		<Range>85</Range>
		<of_Targets>1</of_Targets>
		<Dmg>78</Dmg>
		<Atk_Speed>14</Atk_Speed>
		<Cost>240</Cost>
		<Type>heavy</Type>
		<bulletFrame>DemonShot</bulletFrame>
		<bulletHit>BlankHit</bulletHit>
		<bulletSpeed>20</bulletSpeed>
		<towerFrame>14</towerFrame>
		<fireSoundString>default</fireSoundString>
		<hitSoundString>default</hitSoundString>
		<skillOne>hit,poison,0,80,2</skillOne>
		<tDescription>Hunts down its prey and kills it until it's dead.</tDescription>
	</Row>
	<Row>
		<Name>Winged Curse</Name>
		<AoE>0</AoE>
		<Range>85</Range>
		<of_Targets>1</of_Targets>
		<Dmg>38</Dmg>
		<Atk_Speed>16</Atk_Speed>
		<Cost>190</Cost>
		<Type>heavy</Type>
		<bulletFrame>BlankShot</bulletFrame>
		<bulletHit>BlankHit</bulletHit>
		<bulletSpeed>50</bulletSpeed>
		<towerFrame>56</towerFrame>
		<fireSoundString>default</fireSoundString>
		<hitSoundString>default</hitSoundString>
		<targeting>All</targeting>
		<skillOne>hit,penitence,.1,2</skillOne>
		<tDescription>Applies a 10% dmg taken increase to all enemies it hits.  Hits everyone, does medium damage.</tDescription>
	</Row>
	<Row>
		<Name>Midnight Ceremony</Name>
		<AoE>0</AoE>
		<Range>85</Range>
		<of_Targets>1</of_Targets>
		<Dmg>45</Dmg>
		<Atk_Speed>22</Atk_Speed>
		<Cost>290</Cost>
		<Type>heavy</Type>
		<bulletFrame>BlankShot</bulletFrame>
		<bulletHit>BlankHit</bulletHit>
		<bulletSpeed>50</bulletSpeed>
		<towerFrame>39</towerFrame>
		<fireSoundString>default</fireSoundString>
		<hitSoundString>default</hitSoundString>
		<targeting>All</targeting>
		<skillOne>hit,burn,20,3</skillOne>
		<tDescription>A sweet serenade for those unknowing participants to death's song.</tDescription>
	</Row>
	<Row>
		<Name>Tinkerer</Name>
		<AoE>0</AoE>
		<Range>66</Range>
		<of_Targets>1</of_Targets>
		<Dmg>16</Dmg>
		<Atk_Speed>18</Atk_Speed>
		<Cost>40</Cost>
		<Type>heavy</Type>
		<bulletFrame>ArrowShot</bulletFrame>
		<bulletHit>BlankHit</bulletHit>
		<bulletSpeed>50</bulletSpeed>
		<towerFrame>52</towerFrame>
		<fireSoundString>default</fireSoundString>
		<hitSoundString>default</hitSoundString>
		<skillOne>timer,atkSpdBuff,.05,2</skillOne>
		<skillTwo>timer,dmgBuff,.05,2</skillTwo>
		<tDescription>Little tinkerer.  Gives adjacent towers 5% attack speed &amp; dmg boosts.</tDescription>
	</Row>
</Root>