<?xml version="1.0" encoding="UTF-8" standalone="yes"?>
<Root xmlns:xsi="http://www.w3.org/2001/XMLSchema-instance">
	<Row>
		<eName>Slime</eName>
		<currentRound>1</currentRound>
		<maxHp>24</maxHp>
		<maxMoveSpeed>3</maxMoveSpeed>
		<goldValue>3</goldValue>
		<numberOfEnemies>14</numberOfEnemies>
		<roundEndBonus>18</roundEndBonus>
		<freq>22</freq>
		<armorType>medium</armorType>
		<maxArmor>0</maxArmor>
	</Row>
	<Row>
		<eName>Goblin</eName>
		<currentRound>2</currentRound>
		<maxHp>38</maxHp>
		<maxMoveSpeed>4</maxMoveSpeed>
		<goldValue>4</goldValue>
		<numberOfEnemies>15</numberOfEnemies>
		<roundEndBonus>18</roundEndBonus>
		<freq>18</freq>
		<armorType>heavy</armorType>
		<maxArmor>0</maxArmor>
	</Row>
	<Row>
		<eName>R.Goblin</eName>
		<currentRound>3</currentRound>
		<maxHp>44</maxHp>
		<maxMoveSpeed>5</maxMoveSpeed>
		<goldValue>3</goldValue>
		<numberOfEnemies>20</numberOfEnemies>
		<roundEndBonus>21</roundEndBonus>
		<freq>15</freq>
		<armorType>light</armorType>
		<maxArmor>0</maxArmor>
	</Row>
	<Row>
		<eName>Croc</eName>
		<currentRound>4</currentRound>
		<maxHp>80</maxHp>
		<maxMoveSpeed>4</maxMoveSpeed>
		<goldValue>4</goldValue>
		<numberOfEnemies>16</numberOfEnemies>
		<roundEndBonus>22</roundEndBonus>
		<freq>16</freq>
		<armorType>heavy</armorType>
		<maxArmor>0</maxArmor>
	</Row>
	<Row>
		<eName>Blobs</eName>
		<currentRound>5</currentRound>
		<maxHp>110</maxHp>
		<maxMoveSpeed>4</maxMoveSpeed>
		<goldValue>4</goldValue>
		<numberOfEnemies>16</numberOfEnemies>
		<roundEndBonus>23</roundEndBonus>
		<freq>16</freq>
		<armorType>medium</armorType>
		<maxArmor>0</maxArmor>
	</Row>
	<Row>
		<eName>Troll</eName>
		<currentRound>6</currentRound>
		<maxHp>125</maxHp>
		<maxMoveSpeed>3</maxMoveSpeed>
		<goldValue>4</goldValue>
		<numberOfEnemies>20</numberOfEnemies>
		<roundEndBonus>30</roundEndBonus>
		<freq>14</freq>
		<armorType>heavy</armorType>
		<maxArmor>0</maxArmor>
	</Row>
	<Row>
		<eName>Alligato</eName>
		<currentRound>7</currentRound>
		<maxHp>170</maxHp>
		<maxMoveSpeed>3</maxMoveSpeed>
		<goldValue>6</goldValue>
		<numberOfEnemies>18</numberOfEnemies>
		<roundEndBonus>40</roundEndBonus>
		<freq>16</freq>
		<armorType>light</armorType>
		<maxArmor>0</maxArmor>
	</Row>
	<Row>
		<eName>R.Trtl</eName>
		<currentRound>8</currentRound>
		<maxHp>240</maxHp>
		<maxMoveSpeed>3</maxMoveSpeed>
		<goldValue>7</goldValue>
		<numberOfEnemies>18</numberOfEnemies>
		<roundEndBonus>42</roundEndBonus>
		<freq>14</freq>
		<armorType>heavy</armorType>
		<maxArmor>0</maxArmor>
	</Row>
	<Row>
		<eName>Beatle</eName>
		<currentRound>9</currentRound>
		<maxHp>335</maxHp>
		<maxMoveSpeed>4</maxMoveSpeed>
		<goldValue>8</goldValue>
		<numberOfEnemies>16</numberOfEnemies>
		<roundEndBonus>44</roundEndBonus>
		<freq>16</freq>
		<armorType>medium</armorType>
		<maxArmor>0</maxArmor>
	</Row>
	<Row>
		<eName>Mammoth</eName>
		<currentRound>10</currentRound>
		<maxHp>400</maxHp>
		<maxMoveSpeed>3</maxMoveSpeed>
		<goldValue>8</goldValue>
		<numberOfEnemies>16</numberOfEnemies>
		<roundEndBonus>45</roundEndBonus>
		<freq>17</freq>
		<armorType>heavy</armorType>
		<maxArmor>0</maxArmor>
	</Row>
	<Row>
		<eName>Apparition</eName>
		<currentRound>11</currentRound>
		<maxHp>380</maxHp>
		<maxMoveSpeed>5</maxMoveSpeed>
		<goldValue>7</goldValue>
		<numberOfEnemies>20</numberOfEnemies>
		<roundEndBonus>40</roundEndBonus>
		<freq>14</freq>
		<armorType>light</armorType>
		<maxArmor>0</maxArmor>
	</Row>
	<Row>
		<eName>Mermaid</eName>
		<currentRound>12</currentRound>
		<maxHp>460</maxHp>
		<maxMoveSpeed>4</maxMoveSpeed>
		<goldValue>7</goldValue>
		<numberOfEnemies>20</numberOfEnemies>
		<roundEndBonus>72</roundEndBonus>
		<freq>14</freq>
		<armorType>medium</armorType>
		<maxArmor>0</maxArmor>
	</Row>
	<Row>
		<eName>Bog Monster</eName>
		<currentRound>13</currentRound>
		<maxHp>630</maxHp>
		<maxMoveSpeed>4</maxMoveSpeed>
		<goldValue>8</goldValue>
		<numberOfEnemies>18</numberOfEnemies>
		<roundEndBonus>92</roundEndBonus>
		<freq>16</freq>
		<armorType>medium</armorType>
		<maxArmor>0</maxArmor>
	</Row>
	<Row>
		<eName>Gladiator</eName>
		<currentRound>14</currentRound>
		<maxHp>940</maxHp>
		<maxMoveSpeed>3</maxMoveSpeed>
		<goldValue>9</goldValue>
		<numberOfEnemies>17</numberOfEnemies>
		<roundEndBonus>93</roundEndBonus>
		<freq>18</freq>
		<armorType>light</armorType>
		<maxArmor>0</maxArmor>
	</Row>
	<Row>
		<eName>Hydra</eName>
		<currentRound>15</currentRound>
		<maxHp>940</maxHp>
		<maxMoveSpeed>4</maxMoveSpeed>
		<goldValue>10</goldValue>
		<numberOfEnemies>16</numberOfEnemies>
		<roundEndBonus>97</roundEndBonus>
		<freq>16</freq>
		<armorType>heavy</armorType>
		<maxArmor>0</maxArmor>
	</Row>
	<Row>
		<eName>B.Mage</eName>
		<currentRound>16</currentRound>
		<maxHp>1050</maxHp>
		<maxMoveSpeed>4</maxMoveSpeed>
		<goldValue>10</goldValue>
		<numberOfEnemies>18</numberOfEnemies>
		<roundEndBonus>98</roundEndBonus>
		<freq>14</freq>
		<armorType>light</armorType>
		<maxArmor>0</maxArmor>
	</Row>
	<Row>
		<eName>Viper</eName>
		<currentRound>17</currentRound>
		<maxHp>1350</maxHp>
		<maxMoveSpeed>5</maxMoveSpeed>
		<goldValue>11</goldValue>
		<numberOfEnemies>16</numberOfEnemies>
		<roundEndBonus>108</roundEndBonus>
		<freq>15</freq>
		<armorType>light</armorType>
		<maxArmor>0</maxArmor>
	</Row>
	<Row>
		<eName>Chimera</eName>
		<currentRound>18</currentRound>
		<maxHp>1500</maxHp>
		<maxMoveSpeed>3</maxMoveSpeed>
		<goldValue>12</goldValue>
		<numberOfEnemies>16</numberOfEnemies>
		<roundEndBonus>112</roundEndBonus>
		<freq>16</freq>
		<armorType>heavy</armorType>
		<maxArmor>0</maxArmor>
	</Row>
	<Row>
		<eName>Gorilla</eName>
		<currentRound>19</currentRound>
		<maxHp>1900</maxHp>
		<maxMoveSpeed>3</maxMoveSpeed>
		<goldValue>13</goldValue>
		<numberOfEnemies>14</numberOfEnemies>
		<roundEndBonus>120</roundEndBonus>
		<freq>15</freq>
		<armorType>medium</armorType>
		<maxArmor>0</maxArmor>
	</Row>
	<Row>
		<eName>R.Genie</eName>
		<currentRound>20</currentRound>
		<maxHp>2000</maxHp>
		<maxMoveSpeed>4</maxMoveSpeed>
		<goldValue>15</goldValue>
		<numberOfEnemies>16</numberOfEnemies>
		<roundEndBonus>122</roundEndBonus>
		<freq>16</freq>
		<armorType>light</armorType>
		<maxArmor>0</maxArmor>
	</Row>
	<Row>
		<eName>R.Demon</eName>
		<currentRound>21</currentRound>
		<maxHp>2523</maxHp>
		<maxMoveSpeed>4</maxMoveSpeed>
		<goldValue>13</goldValue>
		<numberOfEnemies>14</numberOfEnemies>
		<roundEndBonus>124</roundEndBonus>
		<freq>16</freq>
		<armorType>light</armorType>
		<maxArmor>0</maxArmor>
	</Row>
	<Row>
		<eName>G.Giant</eName>
		<currentRound>22</currentRound>
		<maxHp>3849</maxHp>
		<maxMoveSpeed>3</maxMoveSpeed>
		<goldValue>18</goldValue>
		<numberOfEnemies>10</numberOfEnemies>
		<roundEndBonus>130</roundEndBonus>
		<freq>18</freq>
		<armorType>medium</armorType>
		<maxArmor>0</maxArmor>
	</Row>
	<Row>
		<eName>R.Dragon</eName>
		<currentRound>23</currentRound>
		<maxHp>2983</maxHp>
		<maxMoveSpeed>4</maxMoveSpeed>
		<goldValue>13</goldValue>
		<numberOfEnemies>14</numberOfEnemies>
		<roundEndBonus>132</roundEndBonus>
		<freq>14</freq>
		<armorType>heavy</armorType>
		<maxArmor>0</maxArmor>
	</Row>
	<Row>
		<eName>B.Centipede</eName>
		<currentRound>24</currentRound>
		<maxHp>4514</maxHp>
		<maxMoveSpeed>3</maxMoveSpeed>
		<goldValue>19</goldValue>
		<numberOfEnemies>10</numberOfEnemies>
		<roundEndBonus>134</roundEndBonus>
		<freq>16</freq>
		<armorType>medium</armorType>
		<maxArmor>0</maxArmor>
	</Row>
	<Row>
		<eName>B.Demon</eName>
		<currentRound>25</currentRound>
		<maxHp>2704</maxHp>
		<maxMoveSpeed>5</maxMoveSpeed>
		<goldValue>12</goldValue>
		<numberOfEnemies>18</numberOfEnemies>
		<roundEndBonus>140</roundEndBonus>
		<freq>18</freq>
		<armorType>light</armorType>
		<maxArmor>0</maxArmor>
	</Row>
	<Row>
		<eName>R.Monster</eName>
		<currentRound>26</currentRound>
		<maxHp>3755</maxHp>
		<maxMoveSpeed>4</maxMoveSpeed>
		<goldValue>15</goldValue>
		<numberOfEnemies>14</numberOfEnemies>
		<roundEndBonus>142</roundEndBonus>
		<freq>14</freq>
		<armorType>medium</armorType>
		<maxArmor>0</maxArmor>
	</Row>
	<Row>
		<eName>Cursed Armor</eName>
		<currentRound>27</currentRound>
		<maxHp>4036</maxHp>
		<maxMoveSpeed>4</maxMoveSpeed>
		<goldValue>14</goldValue>
		<numberOfEnemies>14</numberOfEnemies>
		<roundEndBonus>145</roundEndBonus>
		<freq>16</freq>
		<armorType>heavy</armorType>
		<maxArmor>0</maxArmor>
	</Row>
	<Row>
		<eName>B. Ogre</eName>
		<currentRound>28</currentRound>
		<maxHp>3356</maxHp>
		<maxMoveSpeed>5</maxMoveSpeed>
		<goldValue>12</goldValue>
		<numberOfEnemies>18</numberOfEnemies>
		<roundEndBonus>148</roundEndBonus>
		<freq>18</freq>
		<armorType>light</armorType>
		<maxArmor>0</maxArmor>
	</Row>
	<Row>
		<eName>B. Elemental</eName>
		<currentRound>29</currentRound>
		<maxHp>6459</maxHp>
		<maxMoveSpeed>3</maxMoveSpeed>
		<goldValue>22</goldValue>
		<numberOfEnemies>10</numberOfEnemies>
		<roundEndBonus>150</roundEndBonus>
		<freq>14</freq>
		<armorType>medium</armorType>
		<maxArmor>0</maxArmor>
	</Row>
	<Row>
		<eName>B. Shadow</eName>
		<currentRound>30</currentRound>
		<maxHp>4922</maxHp>
		<maxMoveSpeed>4</maxMoveSpeed>
		<goldValue>17</goldValue>
		<numberOfEnemies>14</numberOfEnemies>
		<roundEndBonus>152</roundEndBonus>
		<freq>16</freq>
		<armorType>medium</armorType>
		<maxArmor>0</maxArmor>
	</Row>
	<Row>
		<eName>W. Ghost</eName>
		<currentRound>31</currentRound>
		<maxHp>5251</maxHp>
		<maxMoveSpeed>4</maxMoveSpeed>
		<goldValue>17</goldValue>
		<numberOfEnemies>14</numberOfEnemies>
		<roundEndBonus>160</roundEndBonus>
		<freq>18</freq>
		<armorType>heavy</armorType>
		<maxArmor>0</maxArmor>
	</Row>
	<Row>
		<eName>G.Reaper</eName>
		<currentRound>32</currentRound>
		<maxHp>7826</maxHp>
		<maxMoveSpeed>3</maxMoveSpeed>
		<goldValue>25</goldValue>
		<numberOfEnemies>10</numberOfEnemies>
		<roundEndBonus>162</roundEndBonus>
		<freq>14</freq>
		<armorType>light</armorType>
		<maxArmor>0</maxArmor>
	</Row>
	<Row>
		<eName>Skeleton</eName>
		<currentRound>33</currentRound>
		<maxHp>8324</maxHp>
		<maxMoveSpeed>3</maxMoveSpeed>
		<goldValue>27</goldValue>
		<numberOfEnemies>10</numberOfEnemies>
		<roundEndBonus>165</roundEndBonus>
		<freq>16</freq>
		<armorType>medium</armorType>
		<maxArmor>0</maxArmor>
	</Row>
	<Row>
		<eName>Vampire</eName>
		<currentRound>34</currentRound>
		<maxHp>6324</maxHp>
		<maxMoveSpeed>4</maxMoveSpeed>
		<goldValue>20</goldValue>
		<numberOfEnemies>14</numberOfEnemies>
		<roundEndBonus>166</roundEndBonus>
		<freq>18</freq>
		<armorType>light</armorType>
		<maxArmor>0</maxArmor>
	</Row>
	<Row>
		<eName>Crusader</eName>
		<currentRound>35</currentRound>
		<maxHp>9404</maxHp>
		<maxMoveSpeed>3</maxMoveSpeed>
		<goldValue>30</goldValue>
		<numberOfEnemies>10</numberOfEnemies>
		<roundEndBonus>168</roundEndBonus>
		<freq>14</freq>
		<armorType>heavy</armorType>
		<maxArmor>0</maxArmor>
	</Row>
	<Row>
		<eName>Flying Skeleton</eName>
		<currentRound>36</currentRound>
		<maxHp>5548</maxHp>
		<maxMoveSpeed>5</maxMoveSpeed>
		<goldValue>17</goldValue>
		<numberOfEnemies>18</numberOfEnemies>
		<roundEndBonus>170</roundEndBonus>
		<freq>16</freq>
		<armorType>light</armorType>
		<maxArmor>0</maxArmor>
	</Row>
	<Row>
		<eName>Skeleton Horse</eName>
		<currentRound>37</currentRound>
		<maxHp>10585</maxHp>
		<maxMoveSpeed>3</maxMoveSpeed>
		<goldValue>31</goldValue>
		<numberOfEnemies>10</numberOfEnemies>
		<roundEndBonus>173</roundEndBonus>
		<freq>18</freq>
		<armorType>medium</armorType>
		<maxArmor>0</maxArmor>
	</Row>
	<Row>
		<eName>Skeleton Dragon</eName>
		<currentRound>38</currentRound>
		<maxHp>5896</maxHp>
		<maxMoveSpeed>5</maxMoveSpeed>
		<goldValue>17</goldValue>
		<numberOfEnemies>19</numberOfEnemies>
		<roundEndBonus>174</roundEndBonus>
		<freq>14</freq>
		<armorType>heavy</armorType>
		<maxArmor>0</maxArmor>
	</Row>
	<Row>
		<eName>Sand Monster</eName>
		<currentRound>39</currentRound>
		<maxHp>8459</maxHp>
		<maxMoveSpeed>4</maxMoveSpeed>
		<goldValue>23</goldValue>
		<numberOfEnemies>14</numberOfEnemies>
		<roundEndBonus>176</roundEndBonus>
		<freq>16</freq>
		<armorType>heavy</armorType>
		<maxArmor>0</maxArmor>
	</Row>
	<Row>
		<eName>T. Giant</eName>
		<currentRound>40</currentRound>
		<maxHp>8926</maxHp>
		<maxMoveSpeed>4</maxMoveSpeed>
		<goldValue>24</goldValue>
		<numberOfEnemies>14</numberOfEnemies>
		<roundEndBonus>188</roundEndBonus>
		<freq>18</freq>
		<armorType>medium</armorType>
		<maxArmor>0</maxArmor>
	</Row>
	<Row>
		<eName>Iron Giant</eName>
		<currentRound>41</currentRound>
		<maxHp>7757</maxHp>
		<maxMoveSpeed>5</maxMoveSpeed>
		<goldValue>20</goldValue>
		<numberOfEnemies>17</numberOfEnemies>
		<roundEndBonus>190</roundEndBonus>
		<freq>14</freq>
		<armorType>heavy</armorType>
		<maxArmor>0</maxArmor>
	</Row>
	<Row>
		<eName>R. Naga</eName>
		<currentRound>42</currentRound>
		<maxHp>9925</maxHp>
		<maxMoveSpeed>4</maxMoveSpeed>
		<goldValue>25</goldValue>
		<numberOfEnemies>14</numberOfEnemies>
		<roundEndBonus>192</roundEndBonus>
		<freq>16</freq>
		<armorType>medium</armorType>
		<maxArmor>0</maxArmor>
	</Row>
	<Row>
		<eName>R. Abomination</eName>
		<currentRound>43</currentRound>
		<maxHp>14627</maxHp>
		<maxMoveSpeed>3</maxMoveSpeed>
		<goldValue>36</goldValue>
		<numberOfEnemies>10</numberOfEnemies>
		<roundEndBonus>194</roundEndBonus>
		<freq>18</freq>
		<armorType>medium</armorType>
		<maxArmor>0</maxArmor>
	</Row>
	<Row>
		<eName>Large Insect</eName>
		<currentRound>44</currentRound>
		<maxHp>15384</maxHp>
		<maxMoveSpeed>3</maxMoveSpeed>
		<goldValue>37</goldValue>
		<numberOfEnemies>10</numberOfEnemies>
		<roundEndBonus>198</roundEndBonus>
		<freq>14</freq>
		<armorType>light</armorType>
		<maxArmor>0</maxArmor>
	</Row>
	<Row>
		<eName>P. Dragon</eName>
		<currentRound>45</currentRound>
		<maxHp>11548</maxHp>
		<maxMoveSpeed>4</maxMoveSpeed>
		<goldValue>28</goldValue>
		<numberOfEnemies>14</numberOfEnemies>
		<roundEndBonus>200</roundEndBonus>
		<freq>16</freq>
		<armorType>medium</armorType>
		<maxArmor>0</maxArmor>
	</Row>
	<Row>
		<eName>Mage</eName>
		<currentRound>46</currentRound>
		<maxHp>12136</maxHp>
		<maxMoveSpeed>4</maxMoveSpeed>
		<goldValue>29</goldValue>
		<numberOfEnemies>14</numberOfEnemies>
		<roundEndBonus>202</roundEndBonus>
		<freq>18</freq>
		<armorType>medium</armorType>
		<maxArmor>0</maxArmor>
	</Row>
	<Row>
		<eName>Griffin</eName>
		<currentRound>47</currentRound>
		<maxHp>17843</maxHp>
		<maxMoveSpeed>3</maxMoveSpeed>
		<goldValue>43</goldValue>
		<numberOfEnemies>10</numberOfEnemies>
		<roundEndBonus>208</roundEndBonus>
		<freq>14</freq>
		<armorType>light</armorType>
		<maxArmor>0</maxArmor>
	</Row>
	<Row>
		<eName>Birdman</eName>
		<currentRound>48</currentRound>
		<maxHp>10413</maxHp>
		<maxMoveSpeed>5</maxMoveSpeed>
		<goldValue>24</goldValue>
		<numberOfEnemies>18</numberOfEnemies>
		<roundEndBonus>210</roundEndBonus>
		<freq>16</freq>
		<armorType>light</armorType>
		<maxArmor>0</maxArmor>
	</Row>
	<Row>
		<eName>G. Griffin</eName>
		<currentRound>49</currentRound>
		<maxHp>14044</maxHp>
		<maxMoveSpeed>4</maxMoveSpeed>
		<goldValue>31</goldValue>
		<numberOfEnemies>14</numberOfEnemies>
		<roundEndBonus>212</roundEndBonus>
		<freq>18</freq>
		<armorType>medium</armorType>
		<maxArmor>0</maxArmor>
	</Row>
	<Row>
		<eName>R. Doom</eName>
		<currentRound>50</currentRound>
		<maxHp>22000</maxHp>
		<maxMoveSpeed>4</maxMoveSpeed>
		<goldValue>44</goldValue>
		<numberOfEnemies>10</numberOfEnemies>
		<roundEndBonus>215</roundEndBonus>
		<freq>22</freq>
		<armorType>heavy</armorType>
		<maxArmor>0</maxArmor>
	</Row>
</Root>