<?xml version="1.0" encoding="UTF-8" standalone="yes"?>
<Root xmlns:xsi="http://www.w3.org/2001/XMLSchema-instance">
	<Row>
		<Name>Archer</Name>
		<AoE>0</AoE>
		<Range>103</Range>
		<of_Targets>1</of_Targets>
		<Dmg>13</Dmg>
		<Atk_Speed>18</Atk_Speed>
		<Cost>40</Cost>
		<Type>pierce</Type>
		<bulletFrame>5</bulletFrame>
		<bulletSpeed>20</bulletSpeed>
		<towerFrame>2</towerFrame>
		<fireSoundString>arrowShot</fireSoundString>
		<tDescription>The Archer.  Everyone's favorite starting class.  If this tower could crouch and be stealth, it might crit, but it can't.</tDescription>
		<upgradeOne>RoyalBowman</upgradeOne>
		<upgradeTwo>Woodsman</upgradeTwo>
		<upgradeThree>Rogue</upgradeThree>
	</Row>
	<Row>
		<Name>Rogue</Name>
		<AoE>0</AoE>
		<Range>108</Range>
		<of_Targets>2</of_Targets>
		<Dmg>26</Dmg>
		<Atk_Speed>24</Atk_Speed>
		<Cost>80</Cost>
		<Type>pierce</Type>
		<bulletFrame>5</bulletFrame>
		<bulletSpeed>30</bulletSpeed>
		<towerFrame>9</towerFrame>
		<fireSoundString>stab</fireSoundString>
		<tDescription>The Rogue.  Hits two targets at once.  Applies 3 dmg every second for 2 seconds and slows by 15%.</tDescription>
		<upgradeOne>Shadow</upgradeOne>
		<upgradeTwo>Assassin</upgradeTwo>
		<skillOne>hit,poison,.15,3,2</skillOne>
	</Row>
	<Row>
		<Name>Shadow</Name>
		<AoE>0</AoE>
		<Range>108</Range>
		<of_Targets>2</of_Targets>
		<Dmg>55</Dmg>
		<Atk_Speed>16</Atk_Speed>
		<Cost>185</Cost>
		<Type>pierce</Type>
		<bulletFrame>5</bulletFrame>
		<bulletSpeed>20</bulletSpeed>
		<towerFrame>22</towerFrame>
		<fireSoundString>stab</fireSoundString>
		<tDescription>In the shadows you'll find him.  Throwing daggers, hurting peeps.  Poisons 5 dmg every second for 5, slows for 15%.</tDescription>
		<skillOne>hit,poison,.2,5,5</skillOne>
	</Row>
	<Row>
		<Name>Assassin</Name>
		<AoE>0</AoE>
		<Range>108</Range>
		<of_Targets>3</of_Targets>
		<Dmg>50</Dmg>
		<Atk_Speed>22</Atk_Speed>
		<Cost>175</Cost>
		<Type>normal</Type>
		<bulletFrame>5</bulletFrame>
		<bulletSpeed>20</bulletSpeed>
		<towerFrame>23</towerFrame>
		<fireSoundString>stab</fireSoundString>
		<tDescription>Sure to kill whoever he's aiming for.  Hits 3, poisons for 15% with 5 dmg on each for 5 seconds.</tDescription>
		<skillOne>hit,poison,.15,5,5</skillOne>
	</Row>
	<Row>
		<Name>Royal Bowman</Name>
		<AoE>0</AoE>
		<Range>120</Range>
		<of_Targets>1</of_Targets>
		<Dmg>65</Dmg>
		<Atk_Speed>16</Atk_Speed>
		<Cost>135</Cost>
		<Type>pierce</Type>
		<bulletFrame>5</bulletFrame>
		<bulletSpeed>20</bulletSpeed>
		<towerFrame>10</towerFrame>
		<fireSoundString>arrowShot</fireSoundString>
		<tDescription>The Royal Bowman.  Applies -1 armor for 3 seconds on the enemy it hits.  Larger range.</tDescription>
		<upgradeOne>Elven</upgradeOne>
		<upgradeTwo>Hero</upgradeTwo>
		<skillOne>hit,brittle,1,3</skillOne>
	</Row>
	<Row>
		<Name>Elven</Name>
		<AoE>0</AoE>
		<Range>120</Range>
		<of_Targets>1</of_Targets>
		<Dmg>110</Dmg>
		<Atk_Speed>18</Atk_Speed>
		<Cost>180</Cost>
		<Type>normal</Type>
		<bulletFrame>5</bulletFrame>
		<bulletSpeed>20</bulletSpeed>
		<towerFrame>29</towerFrame>
		<fireSoundString>arrowShot</fireSoundString>
		<tDescription>Calls upon Elven spirits to increase nearby towers attack speed by 10%.</tDescription>
		<skillOne>time,atkSpdBuff,.10,2,4,2</skillOne>
	</Row>
	<Row>
		<Name>Hero</Name>
		<AoE>0</AoE>
		<Range>120</Range>
		<of_Targets>1</of_Targets>
		<Dmg>120</Dmg>
		<Atk_Speed>16</Atk_Speed>
		<Cost>190</Cost>
		<Type>normal</Type>
		<bulletFrame>5</bulletFrame>
		<bulletSpeed>20</bulletSpeed>
		<towerFrame>27</towerFrame>
		<fireSoundString>arrowShot</fireSoundString>
		<tDescription>Our hero.  Applies -2 armor for 3 seconds on hit.</tDescription>
		<skillOne>hit,brittle,2,3</skillOne>
	</Row>
	<Row>
		<Name>Woodsman</Name>
		<AoE>0</AoE>
		<Range>103</Range>
		<of_Targets>1</of_Targets>
		<Dmg>55</Dmg>
		<Atk_Speed>16</Atk_Speed>
		<Cost>115</Cost>
		<Type>earth</Type>
		<bulletFrame>5</bulletFrame>
		<bulletSpeed>20</bulletSpeed>
		<towerFrame>11</towerFrame>
		<fireSoundString>arrowShot</fireSoundString>
		<tDescription>The Woodsman.  Shoots Earth arrows, poisons 10 dps + slow 20% for 2 seconds.  Single target.</tDescription>
		<upgradeOne>Hunter</upgradeOne>
		<upgradeTwo>Alchemist</upgradeTwo>
		<skillOne>hit,poison,.20,10,2</skillOne>
	</Row>
	<Row>
		<Name>Hunter</Name>
		<AoE>0</AoE>
		<Range>103</Range>
		<of_Targets>1</of_Targets>
		<Dmg>165</Dmg>
		<Atk_Speed>16</Atk_Speed>
		<Cost>240</Cost>
		<Type>earth</Type>
		<bulletFrame>5</bulletFrame>
		<bulletSpeed>20</bulletSpeed>
		<towerFrame>32</towerFrame>
		<fireSoundString>arrowShot</fireSoundString>
		<tDescription>Skilled with poisons.  28% slow + 20 dps for 5 seconds.</tDescription>
		<skillOne>hit,poison,.28,20,5</skillOne>
	</Row>
	<Row>
		<Name>Alchemist</Name>
		<AoE>40</AoE>
		<Range>103</Range>
		<of_Targets>1</of_Targets>
		<Dmg>50</Dmg>
		<Atk_Speed>28</Atk_Speed>
		<Cost>200</Cost>
		<Type>normal</Type>
		<bulletFrame>5</bulletFrame>
		<bulletSpeed>20</bulletSpeed>
		<towerFrame>31</towerFrame>
		<fireSoundString>default</fireSoundString>
		<tDescription>Makes a big, poisonous splash when he attacks.  Slows 18% and 5 dmg for 2 seconds.</tDescription>
		<skillOne>hit,poison,.18,5,2</skillOne>
	</Row>
	<Row>
		<Name>Warrior</Name>
		<AoE>0</AoE>
		<Range>50</Range>
		<of_Targets>1</of_Targets>
		<Dmg>17</Dmg>
		<Atk_Speed>22</Atk_Speed>
		<Cost>30</Cost>
		<Type>normal</Type>
		<bulletFrame>8</bulletFrame>
		<bulletSpeed>50</bulletSpeed>
		<towerFrame>1</towerFrame>
		<fireSoundString>swordhit</fireSoundString>
		<tDescription>Your basic warrior.  Can be seen in nearly all fantasy tales.  Has a soft side under all that armor.</tDescription>
		<upgradeOne>Commander</upgradeOne>
		<upgradeTwo>Knight</upgradeTwo>
		<upgradeThree>Swordsman</upgradeThree>
	</Row>
	<Row>
		<Name>Swordsman</Name>
		<AoE>0</AoE>
		<Range>50</Range>
		<of_Targets>1</of_Targets>
		<Dmg>60</Dmg>
		<Atk_Speed>20</Atk_Speed>
		<Cost>80</Cost>
		<Type>heavy</Type>
		<bulletFrame>8</bulletFrame>
		<bulletSpeed>50</bulletSpeed>
		<towerFrame>7</towerFrame>
		<fireSoundString>swordhit</fireSoundString>
		<tDescription>The Swordsman.  Just a warrior on drugs.  Hits hard, hits fast.</tDescription>
		<upgradeOne>Samurai</upgradeOne>
		<upgradeTwo>MasterSwordsman</upgradeTwo>
	</Row>
	<Row>
		<Name>Samurai</Name>
		<AoE>0</AoE>
		<Range>50</Range>
		<of_Targets>1</of_Targets>
		<Dmg>120</Dmg>
		<Atk_Speed>12</Atk_Speed>
		<Cost>170</Cost>
		<Type>heavy</Type>
		<bulletFrame>8</bulletFrame>
		<bulletSpeed>50</bulletSpeed>
		<towerFrame>24</towerFrame>
		<fireSoundString>swordhit</fireSoundString>
		<tDescription>Samurai.  Hits fast and heavy.</tDescription>
	</Row>
	<Row>
		<Name>Master Swordsman</Name>
		<AoE>0</AoE>
		<Range>50</Range>
		<of_Targets>1</of_Targets>
		<Dmg>220</Dmg>
		<Atk_Speed>16</Atk_Speed>
		<Cost>220</Cost>
		<Type>normal</Type>
		<bulletFrame>8</bulletFrame>
		<bulletSpeed>50</bulletSpeed>
		<towerFrame>25</towerFrame>
		<fireSoundString>swordhit</fireSoundString>
		<tDescription>The Sword Master.  Why swipe 20 times when 5 times do?</tDescription>
	</Row>
	<Row>
		<Name>Knight</Name>
		<AoE>0</AoE>
		<Range>50</Range>
		<of_Targets>1</of_Targets>
		<Dmg>64</Dmg>
		<Atk_Speed>20</Atk_Speed>
		<Cost>115</Cost>
		<Type>normal</Type>
		<bulletFrame>8</bulletFrame>
		<bulletSpeed>50</bulletSpeed>
		<towerFrame>6</towerFrame>
		<fireSoundString>swordhit</fireSoundString>
		<tDescription>It's a Knight in shining armor.  Gives a debuff that increases enemy's damage taken by 10% for 2 seconds. Tips fedora a lot.</tDescription>
		<upgradeOne>DeathKnight</upgradeOne>
		<skillOne>hit,penitence,.1,2</skillOne>
	</Row>
	<Row>
		<Name>Death Knight</Name>
		<AoE>0</AoE>
		<Range>50</Range>
		<of_Targets>1</of_Targets>
		<Dmg>130</Dmg>
		<Atk_Speed>16</Atk_Speed>
		<Cost>190</Cost>
		<Type>normal</Type>
		<bulletFrame>8</bulletFrame>
		<bulletSpeed>50</bulletSpeed>
		<towerFrame>26</towerFrame>
		<fireSoundString>swordhit</fireSoundString>
		<tDescription>Death Knight.  Each hit increases enemy damage taken by 15% for 2 seconds.  xXxEdgeLordxXx</tDescription>
		<skillOne>hit,penitence,.15,2</skillOne>
	</Row>
	<Row>
		<Name>Paladin</Name>
		<AoE>0</AoE>
		<Range>50</Range>
		<of_Targets>1</of_Targets>
		<Dmg>120</Dmg>
		<Atk_Speed>16</Atk_Speed>
		<Cost>240</Cost>
		<Type>normal</Type>
		<bulletFrame>8</bulletFrame>
		<bulletSpeed>50</bulletSpeed>
		<towerFrame>1</towerFrame>
		<fireSoundString>swordhit</fireSoundString>
		<tDescription>Each strike will provide 5% increased attack speed to adjacent towers for 2 seconds.</tDescription>
	</Row>
	<Row>
		<Name>Commander</Name>
		<AoE>0</AoE>
		<Range>50</Range>
		<of_Targets>1</of_Targets>
		<Dmg>80</Dmg>
		<Atk_Speed>18</Atk_Speed>
		<Cost>160</Cost>
		<Type>normal</Type>
		<bulletFrame>8</bulletFrame>
		<bulletSpeed>50</bulletSpeed>
		<towerFrame>8</towerFrame>
		<fireSoundString>swordhit</fireSoundString>
		<tDescription>Likes to shout a lot of motivational things.  Nearby towers strangely reply to it. DmgUp 12% to nearby towers.</tDescription>
		<skillOne>time,dmgBuff,.12,2,4,2</skillOne>
	</Row>
	<Row>
		<Name>General</Name>
		<AoE>0</AoE>
		<Range>50</Range>
		<of_Targets>1</of_Targets>
		<Dmg>1</Dmg>
		<Atk_Speed>24</Atk_Speed>
		<Cost>1</Cost>
		<Type>normal</Type>
		<bulletFrame>8</bulletFrame>
		<bulletSpeed>50</bulletSpeed>
		<towerFrame>1</towerFrame>
		<fireSoundString>swordhit</fireSoundString>
	</Row>
	<Row>
		<Name>Warleader</Name>
		<AoE>0</AoE>
		<Range>50</Range>
		<of_Targets>1</of_Targets>
		<Dmg>1</Dmg>
		<Atk_Speed>24</Atk_Speed>
		<Cost>1</Cost>
		<Type>heavy</Type>
		<bulletFrame>8</bulletFrame>
		<bulletSpeed>50</bulletSpeed>
		<towerFrame>1</towerFrame>
		<fireSoundString>swordhit</fireSoundString>
	</Row>
	<Row>
		<Name>Fire Tower</Name>
		<AoE>0</AoE>
		<Range>75</Range>
		<of_Targets>1</of_Targets>
		<Dmg>4</Dmg>
		<Atk_Speed>4</Atk_Speed>
		<Cost>55</Cost>
		<Type>fire</Type>
		<bulletFrame>2</bulletFrame>
		<bulletSpeed>8</bulletSpeed>
		<towerFrame>3</towerFrame>
		<fireSoundString>flame</fireSoundString>
		<tDescription>Takes fire and throws it, like some sort of throwing flame machine.</tDescription>
		<upgradeOne>ScorchedEarth</upgradeOne>
		<upgradeTwo>FireSpout</upgradeTwo>
		<upgradeThree>MagmaThrower</upgradeThree>
	</Row>
	<Row>
		<Name>Scorched Earth</Name>
		<AoE>0</AoE>
		<Range>50</Range>
		<of_Targets>1</of_Targets>
		<Dmg>12</Dmg>
		<Atk_Speed>8</Atk_Speed>
		<Cost>155</Cost>
		<Type>fire</Type>
		<bulletFrame>0</bulletFrame>
		<bulletSpeed>50</bulletSpeed>
		<towerFrame>14</towerFrame>
		<fireSoundString>default</fireSoundString>
		<tDescription>Burns the ground in a 1 block AoE (melee range) dealing 36 damage a second to anything it can.  Strong.</tDescription>
		<upgradeOne>Mars</upgradeOne>
		<targeting>All</targeting>
	</Row>
	<Row>
		<Name>Mars</Name>
		<AoE>0</AoE>
		<Range>50</Range>
		<of_Targets>1</of_Targets>
		<Dmg>24</Dmg>
		<Atk_Speed>8</Atk_Speed>
		<Cost>210</Cost>
		<Type>fire</Type>
		<bulletFrame>0</bulletFrame>
		<bulletSpeed>50</bulletSpeed>
		<towerFrame>33</towerFrame>
		<fireSoundString>default</fireSoundString>
		<tDescription>72 damage a second to anything in melee range.</tDescription>
		<targeting>All</targeting>
	</Row>
	<Row>
		<Name>Solar Flare</Name>
		<Type>fire</Type>
		<targeting>All</targeting>
	</Row>
	<Row>
		<Name>Fire Spout</Name>
		<AoE>0</AoE>
		<Range>85</Range>
		<of_Targets>2</of_Targets>
		<Dmg>12</Dmg>
		<Atk_Speed>6</Atk_Speed>
		<Cost>100</Cost>
		<Type>fire</Type>
		<bulletFrame>2</bulletFrame>
		<bulletSpeed>8</bulletSpeed>
		<towerFrame>12</towerFrame>
		<fireSoundString>flame</fireSoundString>
		<tDescription>Bigger, badder, and hits 2 guys now.  This tower likes fire.</tDescription>
		<upgradeOne>TripleSpout</upgradeOne>
	</Row>
	<Row>
		<Name>Triple Spout</Name>
		<AoE>0</AoE>
		<Range>85</Range>
		<of_Targets>3</of_Targets>
		<Dmg>21</Dmg>
		<Atk_Speed>6</Atk_Speed>
		<Cost>240</Cost>
		<Type>fire</Type>
		<bulletFrame>2</bulletFrame>
		<bulletSpeed>8</bulletSpeed>
		<towerFrame>34</towerFrame>
		<fireSoundString>flame</fireSoundString>
		<tDescription>Hits 3 people now.  Wow, what a unique and non-linear upgrade path this tower goes.</tDescription>
	</Row>
	<Row>
		<Name>Incinerator</Name>
		<Type>fire</Type>
	</Row>
	<Row>
		<Name>Magma Thrower</Name>
		<AoE>45</AoE>
		<Range>95</Range>
		<of_Targets>1</of_Targets>
		<Dmg>55</Dmg>
		<Atk_Speed>32</Atk_Speed>
		<Cost>140</Cost>
		<Type>fire</Type>
		<bulletFrame>10</bulletFrame>
		<bulletSpeed>12</bulletSpeed>
		<towerFrame>13</towerFrame>
		<fireSoundString>default</fireSoundString>
		<tDescription>Throws large fireballs that explode in an AoE and deal 5 burning damage to all caught for 3 seconds.  Slow attack speed. Might be OP.</tDescription>
		<upgradeOne>HotSpot</upgradeOne>
		<skillOne>hit,burn,5,3</skillOne>
	</Row>
	<Row>
		<Name>Hot Spot</Name>
		<AoE>45</AoE>
		<Range>106</Range>
		<of_Targets>1</of_Targets>
		<Dmg>160</Dmg>
		<Atk_Speed>36</Atk_Speed>
		<Cost>280</Cost>
		<Type>fire</Type>
		<bulletFrame>10</bulletFrame>
		<bulletSpeed>12</bulletSpeed>
		<towerFrame>35</towerFrame>
		<fireSoundString>default</fireSoundString>
		<tDescription>Bigger fireball, longer range.  Burn deals 15 damage per second for 3 seconds.</tDescription>
		<skillOne>hit,burn,15,3</skillOne>
	</Row>
	<Row>
		<Name>Inferno</Name>
		<Type>fire</Type>
	</Row>
	<Row>
		<Name>Ice Tower</Name>
		<AoE>30</AoE>
		<Range>80</Range>
		<of_Targets>1</of_Targets>
		<Dmg>22</Dmg>
		<Atk_Speed>38</Atk_Speed>
		<Cost>40</Cost>
		<Type>ice</Type>
		<bulletFrame>3</bulletFrame>
		<bulletSpeed>24</bulletSpeed>
		<towerFrame>4</towerFrame>
		<fireSoundString>default</fireSoundString>
		<tDescription>Icey.  Cold.  Refreshing.  Slows by 25% to small area for 2 seconds.</tDescription>
		<upgradeOne>SnowCannon</upgradeOne>
		<upgradeTwo>Icicle</upgradeTwo>
		<upgradeThree>FrozenPond</upgradeThree>
		<skillOne>hit,slow,.25,2</skillOne>
	</Row>
	<Row>
		<Name>Snow Cannon</Name>
		<AoE>45</AoE>
		<Range>80</Range>
		<of_Targets>1</of_Targets>
		<Dmg>38</Dmg>
		<Atk_Speed>30</Atk_Speed>
		<Cost>140</Cost>
		<Type>ice</Type>
		<bulletFrame>3</bulletFrame>
		<bulletSpeed>26</bulletSpeed>
		<towerFrame>16</towerFrame>
		<fireSoundString>default</fireSoundString>
		<tDescription>Bigger splash, still slows 25%.  Just a nice, little upgrade :)</tDescription>
		<upgradeOne>IceMaker</upgradeOne>
		<skillOne>hit,slow,.25,2</skillOne>
	</Row>
	<Row>
		<Name>Ice Maker</Name>
		<AoE>50</AoE>
		<Range>80</Range>
		<of_Targets>1</of_Targets>
		<Dmg>80</Dmg>
		<Atk_Speed>26</Atk_Speed>
		<Cost>280</Cost>
		<Type>ice</Type>
		<bulletFrame>3</bulletFrame>
		<bulletSpeed>28</bulletSpeed>
		<towerFrame>43</towerFrame>
		<fireSoundString>default</fireSoundString>
		<tDescription>Bigger splash still, 25% slow.</tDescription>
		<skillOne>slow,.25,2</skillOne>
	</Row>
	<Row>
		<Name>Icicle</Name>
		<AoE>0</AoE>
		<Range>106</Range>
		<of_Targets>1</of_Targets>
		<Dmg>53</Dmg>
		<Atk_Speed>22</Atk_Speed>
		<Cost>80</Cost>
		<Type>ice</Type>
		<bulletFrame>4</bulletFrame>
		<bulletSpeed>30</bulletSpeed>
		<towerFrame>17</towerFrame>
		<fireSoundString>default</fireSoundString>
		<tDescription>Shoots ice spikes.  Long range, single target.  Slows 18% and reduces armor by 1 for 2 seconds.</tDescription>
		<upgradeOne>Hail</upgradeOne>
		<skillOne>hit,slow,.18,2</skillOne>
		<skillTwo>hit,brittle,1,2</skillTwo>
	</Row>
	<Row>
		<Name>Hail</Name>
		<AoE>0</AoE>
		<Range>106</Range>
		<of_Targets>2</of_Targets>
		<Dmg>90</Dmg>
		<Atk_Speed>20</Atk_Speed>
		<Cost>240</Cost>
		<Type>ice</Type>
		<bulletFrame>4</bulletFrame>
		<bulletSpeed>30</bulletSpeed>
		<towerFrame>42</towerFrame>
		<fireSoundString>default</fireSoundString>
		<tDescription>Shoots 2 spikes at once, slows by 18%, armor reduced by 1 on each target.</tDescription>
		<skillOne>hit,slow,.18,2</skillOne>
		<skillTwo>hit,brittle,1,2</skillTwo>
	</Row>
	<Row>
		<Name>Frozen Pond</Name>
		<AoE>0</AoE>
		<Range>66</Range>
		<of_Targets>1</of_Targets>
		<Dmg>3</Dmg>
		<Atk_Speed>4</Atk_Speed>
		<Cost>120</Cost>
		<Type>ice</Type>
		<bulletFrame>0</bulletFrame>
		<bulletSpeed>50</bulletSpeed>
		<towerFrame>15</towerFrame>
		<fireSoundString>default</fireSoundString>
		<tDescription>Frozen Pond.  Slows in a small AoE around it by 28% and does light damage</tDescription>
		<upgradeOne>Blizzard</upgradeOne>
		<upgradeTwo>Yeti</upgradeTwo>
		<skillOne>hit,slow,.28,.5</skillOne>
		<targeting>All</targeting>
	</Row>
	<Row>
		<Name>Blizzard</Name>
		<AoE>0</AoE>
		<Range>66</Range>
		<of_Targets>1</of_Targets>
		<Dmg>10</Dmg>
		<Atk_Speed>4</Atk_Speed>
		<Cost>230</Cost>
		<Type>ice</Type>
		<bulletFrame>0</bulletFrame>
		<bulletSpeed>50</bulletSpeed>
		<towerFrame>37</towerFrame>
		<fireSoundString>default</fireSoundString>
		<tDescription>Ice everywhere.  Slows everything in area by 34%.</tDescription>
		<skillOne>hit,slow,.34,.5</skillOne>
		<targeting>All</targeting>
	</Row>
	<Row>
		<Name>Yeti</Name>
		<AoE>47</AoE>
		<Range>66</Range>
		<of_Targets>1</of_Targets>
		<Dmg>90</Dmg>
		<Atk_Speed>18</Atk_Speed>
		<Cost>260</Cost>
		<Type>ice</Type>
		<bulletFrame>0</bulletFrame>
		<bulletSpeed>50</bulletSpeed>
		<towerFrame>36</towerFrame>
		<fireSoundString>default</fireSoundString>
		<tDescription>Big Yeti mele hits with 28% slow for 3 seconds.</tDescription>
		<skillOne>hit,slow,.28,3</skillOne>
	</Row>
	<Row>
		<Name>Splash</Name>
		<AoE>40</AoE>
		<Range>106</Range>
		<of_Targets>1</of_Targets>
		<Dmg>11</Dmg>
		<Atk_Speed>24</Atk_Speed>
		<Cost>60</Cost>
		<Type>heavy</Type>
		<bulletFrame>6</bulletFrame>
		<bulletSpeed>10</bulletSpeed>
		<towerFrame>5</towerFrame>
		<fireSoundString>default</fireSoundString>
		<tDescription>Big, explodey, splash guy.  Hits more than one unit if they're close.</tDescription>
		<upgradeOne>Demolitionist</upgradeOne>
		<upgradeTwo>Gun</upgradeTwo>
	</Row>
	<Row>
		<Name>Demo</Name>
		<AoE>50</AoE>
		<Range>106</Range>
		<of_Targets>1</of_Targets>
		<Dmg>45</Dmg>
		<Atk_Speed>28</Atk_Speed>
		<Cost>160</Cost>
		<Type>heavy</Type>
		<bulletFrame>6</bulletFrame>
		<bulletSpeed>30</bulletSpeed>
		<towerFrame>18</towerFrame>
		<fireSoundString>default</fireSoundString>
		<tDescription>Demolitionist.  More damage, more explosions.  What'd you expect?</tDescription>
		<upgradeOne>Artillery</upgradeOne>
	</Row>
	<Row>
		<Name>Artillery</Name>
		<AoE>55</AoE>
		<Range>112</Range>
		<of_Targets>1</of_Targets>
		<Dmg>90</Dmg>
		<Atk_Speed>24</Atk_Speed>
		<Cost>250</Cost>
		<Type>heavy</Type>
		<bulletFrame>6</bulletFrame>
		<bulletSpeed>30</bulletSpeed>
		<towerFrame>38</towerFrame>
		<fireSoundString>default</fireSoundString>
		<tDescription>Increased range &amp; splash.  Make way for big ar-tillery!!</tDescription>
	</Row>
	<Row>
		<Name>Gun</Name>
		<AoE>0</AoE>
		<Range>106</Range>
		<of_Targets>1</of_Targets>
		<Dmg>12</Dmg>
		<Atk_Speed>3</Atk_Speed>
		<Cost>90</Cost>
		<Type>pierce</Type>
		<bulletFrame>1</bulletFrame>
		<bulletSpeed>40</bulletSpeed>
		<towerFrame>28</towerFrame>
		<fireSoundString>default</fireSoundString>
		<tDescription>Guns are sort of unfair against the metal armor the creeps wear.  That's why it shoots pellets.  It still hurts tho.</tDescription>
		<upgradeOne>MachineGun</upgradeOne>
	</Row>
	<Row>
		<Name>Machine Gun</Name>
		<AoE>0</AoE>
		<Range>106</Range>
		<of_Targets>1</of_Targets>
		<Dmg>28</Dmg>
		<Atk_Speed>3</Atk_Speed>
		<Cost>180</Cost>
		<Type>pierce</Type>
		<bulletFrame>1</bulletFrame>
		<bulletSpeed>40</bulletSpeed>
		<towerFrame>39</towerFrame>
		<fireSoundString>default</fireSoundString>
		<tDescription>Goes BRRRRRRRRRR.</tDescription>
	</Row>
	<Row>
		<Name>Lightning</Name>
		<AoE>0</AoE>
		<Range>106</Range>
		<of_Targets>1</of_Targets>
		<Dmg>10</Dmg>
		<Atk_Speed>9</Atk_Speed>
		<Cost>65</Cost>
		<Type>fire</Type>
		<bulletFrame>7</bulletFrame>
		<bulletSpeed>20</bulletSpeed>
		<towerFrame>20</towerFrame>
		<fireSoundString>default</fireSoundString>
		<tDescription>I dare you to touch it.  Electricity travels fast and far.  Hey, what's this knob do?</tDescription>
		<upgradeOne>Multishooter</upgradeOne>
		<upgradeTwo>Laser</upgradeTwo>
		<upgradeThree>Chain</upgradeThree>
	</Row>
	<Row>
		<Name>Multishooter</Name>
		<AoE>0</AoE>
		<Range>106</Range>
		<of_Targets>3</of_Targets>
		<Dmg>10</Dmg>
		<Atk_Speed>8</Atk_Speed>
		<Cost>90</Cost>
		<Type>fire</Type>
		<bulletFrame>7</bulletFrame>
		<bulletSpeed>20</bulletSpeed>
		<towerFrame>21</towerFrame>
		<fireSoundString>default</fireSoundString>
		<tDescription>Hits 3 people at once.  Great vs groups, weak vs low numbers.</tDescription>
		<upgradeOne>MegaZap</upgradeOne>
	</Row>
	<Row>
		<Name>MegaZap</Name>
		<AoE>0</AoE>
		<Range>106</Range>
		<of_Targets>5</of_Targets>
		<Dmg>16</Dmg>
		<Atk_Speed>8</Atk_Speed>
		<Cost>240</Cost>
		<Type>fire</Type>
		<bulletFrame>7</bulletFrame>
		<bulletSpeed>20</bulletSpeed>
		<towerFrame>40</towerFrame>
		<fireSoundString>default</fireSoundString>
		<tDescription>5 people??  This is madness!  This is an outrage!</tDescription>
	</Row>
	<Row>
		<Name>Laser</Name>
		<AoE>0</AoE>
		<Range>106</Range>
		<of_Targets>1</of_Targets>
		<Dmg>13</Dmg>
		<Atk_Speed>3</Atk_Speed>
		<Cost>120</Cost>
		<Type>fire</Type>
		<bulletFrame>9</bulletFrame>
		<bulletSpeed>20</bulletSpeed>
		<towerFrame>30</towerFrame>
		<fireSoundString>default</fireSoundString>
		<tDescription>Goes *Pew* *Pew* *Pew*.  Enemies think it's too hot.  We think it's justtt right.</tDescription>
		<upgradeOne>DeathRay</upgradeOne>
	</Row>
	<Row>
		<Name>Death Ray</Name>
		<AoE>0</AoE>
		<Range>106</Range>
		<of_Targets>1</of_Targets>
		<Dmg>28</Dmg>
		<Atk_Speed>3</Atk_Speed>
		<Cost>210</Cost>
		<Type>fire</Type>
		<bulletFrame>9</bulletFrame>
		<bulletSpeed>20</bulletSpeed>
		<towerFrame>41</towerFrame>
		<fireSoundString>default</fireSoundString>
		<tDescription>Requires a ransom of 1 million dollars.  Thinks that's a lot.</tDescription>
	</Row>
	<Row>
		<Name>Chain</Name>
		<AoE>0</AoE>
		<Range>106</Range>
		<of_Targets>1</of_Targets>
		<Dmg>15</Dmg>
		<Atk_Speed>8</Atk_Speed>
		<Cost>135</Cost>
		<Type>fire</Type>
		<bulletFrame>9</bulletFrame>
		<bulletSpeed>20</bulletSpeed>
		<towerFrame>44</towerFrame>
		<fireSoundString>default</fireSoundString>
		<tDescription>Chains 3 additional enemies</tDescription>
		<upgradeOne>MultiChain</upgradeOne>
		<skillOne>hit,chain,3,6,.1,75,fire</skillOne>
	</Row>
	<Row>
		<Name>MultiChain</Name>
		<AoE>0</AoE>
		<Range>106</Range>
		<of_Targets>1</of_Targets>
		<Dmg>40</Dmg>
		<Atk_Speed>8</Atk_Speed>
		<Cost>280</Cost>
		<Type>fire</Type>
		<bulletFrame>9</bulletFrame>
		<bulletSpeed>20</bulletSpeed>
		<towerFrame>45</towerFrame>
		<fireSoundString>default</fireSoundString>
		<tDescription>Chains 4 additional enemies.</tDescription>
		<skillOne>hit,chain,4,6,.1,75,fire</skillOne>
	</Row>
</Root>